"","parcelid","logerror","transactiondate","month","airconditioningtypeid","architecturalstyletypeid","basementsqft","bathroomcnt","bedroomcnt","buildingclasstypeid","buildingqualitytypeid","calculatedbathnbr","decktypeid","finishedfloor1squarefeet","calculatedfinishedsquarefeet","finishedsquarefeet12","finishedsquarefeet13","finishedsquarefeet15","finishedsquarefeet50","finishedsquarefeet6","fips","fireplacecnt","fullbathcnt","garagecarcnt","garagetotalsqft","hashottuborspa","heatingorsystemtypeid","latitude","longitude","lotsizesquarefeet","poolcnt","poolsizesum","pooltypeid10","pooltypeid2","pooltypeid7","propertycountylandusecode","propertylandusetypeid","propertyzoningdesc","rawcensustractandblock","regionidcity","regionidcounty","regionidneighborhood","regionidzip","roomcnt","storytypeid","threequarterbathnbr","typeconstructiontypeid","unitcnt","yardbuildingsqft17","yardbuildingsqft26","yearbuilt","numberofstories","fireplaceflag","structuretaxvaluedollarcnt","taxvaluedollarcnt","assessmentyear","landtaxvaluedollarcnt","taxamount","taxdelinquencyflag","taxdelinquencyyear","censustractandblock"
"1",10726315,0.0383,"2016-08-24",8,1,NA,NA,3,3,NA,4,3,NA,NA,2445,2445,NA,NA,NA,NA,6037,NA,3,NA,NA,"",2,34184300,-118657000,63878,1,NA,NA,NA,1,"010C",266,"LARD3",60371352.035012,12447,3101,48570,96389,0,NA,NA,NA,1,NA,NA,1982,NA,NA,436551,581388,2015,144837,7170.22,"",NA,2.98274110334875e-310
"2",10727091,0.003,"2016-10-14",10,NA,NA,NA,2,3,NA,7,2,NA,NA,1160,1160,NA,NA,NA,NA,6037,NA,2,NA,NA,"",2,34188121,-118646361,7688,NA,NA,NA,NA,NA,"0100",261,"LARS",60371352.031023,12447,3101,268588,96342,0,NA,NA,NA,1,NA,NA,1960,NA,NA,105045,437584,2015,332539,5421.96,"",NA,2.98274110315166e-310
"3",10730788,-0.002,"2016-07-01",7,NA,NA,NA,2,4,NA,7,2,NA,NA,1570,1570,NA,NA,NA,NA,6037,NA,2,NA,NA,"",2,34188446,-118616724,11308,NA,NA,NA,NA,NA,"0100",261,"LARS",60371351.022003,12447,3101,268588,96342,0,NA,NA,NA,1,NA,NA,1959,NA,NA,115379,397138,2015,281759,5097.78,"",NA,2.98274105329945e-310
"4",10735394,0.0129,"2016-10-03",10,1,NA,NA,3,4,NA,4,3,NA,NA,2863,2863,NA,NA,NA,NA,6037,NA,3,NA,NA,"",2,34171439,-118646883,16376,1,NA,NA,NA,1,"0101",261,"LARE11",60371373.022018,12447,3101,48570,96389,0,NA,NA,NA,1,NA,NA,1963,NA,NA,358711,593502,2015,234791,7475.21,"",NA,2.98274214024461e-310
"5",10737937,0.0227,"2016-03-01",3,1,NA,NA,7,6,NA,10,7,NA,NA,6610,6610,NA,NA,NA,NA,6037,NA,7,NA,NA,"",2,34159726,-118683695,19663,1,NA,NA,NA,1,"010D",269,"LCA21*",60378002.032046,NA,3101,NA,96337,0,NA,NA,NA,1,NA,NA,1997,NA,NA,1333515,2148058,2015,814543,24878.86,"",NA,2.98306965685669e-310
"6",10743512,0.063,"2016-03-31",3,1,NA,NA,3,2,NA,4,3,NA,NA,1394,1394,NA,NA,NA,NA,6037,NA,3,NA,NA,"",2,34152890,-118791494,77543,NA,NA,NA,NA,NA,"010D",269,"LCA21*",60378003.242007,34278,3101,NA,96385,0,NA,NA,NA,1,NA,NA,1998,NA,NA,203426,460937,2015,257511,5550.36,"",NA,2.9830697166369e-310
"7",10760933,-0.1244,"2016-06-27",6,NA,NA,NA,2,4,NA,7,2,NA,NA,1212,1212,NA,NA,NA,NA,6037,NA,2,NA,NA,"",7,34220631,-118521001,7379,NA,NA,NA,NA,NA,"0100",261,"LAR1",60371313.001001,12447,3101,40548,96355,0,NA,NA,NA,1,NA,NA,1954,NA,NA,32615,56867,2015,24252,4560.02,"",NA,2.98273917481236e-310
"8",10772282,0.0545,"2016-04-15",4,1,NA,NA,3,4,NA,4,3,NA,NA,2597,2597,NA,NA,NA,NA,6037,NA,3,NA,NA,"",2,34209413,-118578052,10537,NA,NA,NA,NA,NA,"0100",261,"LARS",60371341.041004,12447,3101,27987,96341,0,NA,NA,NA,1,NA,NA,1964,NA,NA,234987,391643,2015,156656,4998.86,"",NA,2.98274056017258e-310
"9",10783331,0.007,"2016-02-25",2,NA,NA,NA,2,3,NA,7,2,NA,NA,1742,1742,NA,NA,NA,NA,6037,NA,2,NA,NA,"",7,34185891,-118550426,7076,NA,NA,NA,NA,NA,"0100",261,"LAR1",60371331.004002,12447,3101,47950,96364,0,NA,NA,NA,1,NA,NA,1953,NA,NA,192864,471448,2015,278584,5784.98,"",NA,2.98274006427879e-310
"10",10784006,0.0611,"2016-06-14",6,NA,NA,NA,1,2,NA,7,1,NA,NA,950,950,NA,NA,NA,NA,6037,NA,1,NA,NA,"",7,34192384,-118549670,6242,NA,NA,NA,NA,NA,"0100",261,"LAR1",60371325.022002,12447,3101,40548,96364,0,NA,NA,NA,1,NA,NA,1951,NA,NA,74466,274296,2015,199830,3441.9,"",NA,2.98273976872872e-310
"11",10799070,-0.0471,"2016-09-28",9,1,NA,NA,2,2,NA,4,2,NA,NA,1001,1001,NA,NA,NA,NA,6037,NA,2,NA,NA,"",2,34178100,-118535000,87177,1,NA,NA,NA,1,"010C",266,"LARD1.5",60371393.031001,12447,3101,47950,96379,0,NA,NA,NA,1,NA,NA,1979,NA,NA,119000,296000,2015,177000,3833.83,"",NA,2.98274312881972e-310
"12",10800221,0.002,"2016-04-12",4,1,NA,NA,3,3,NA,4,3,NA,NA,1877,1877,NA,NA,NA,NA,6037,NA,3,NA,NA,"",2,34179600,-118530000,127388,1,NA,NA,NA,1,"010C",266,"LARD2",60371392.003001,12447,3101,47950,96379,0,NA,NA,NA,1,NA,NA,1976,NA,NA,305000,436000,2015,131000,5279.67,"",NA,2.98274307802978e-310
"13",10800367,0.0208,"2016-08-12",8,1,NA,NA,1,1,NA,7,1,NA,NA,707,707,NA,NA,NA,NA,6037,NA,1,NA,NA,"",2,34173100,-118532000,235502,1,NA,NA,NA,1,"010E",266,"LAR3",60371393.032,12447,3101,47950,96379,0,NA,NA,NA,1,NA,NA,1970,NA,NA,77799,132738,2015,54939,1688.56,"",NA,2.98274312886908e-310
"14",10803394,0.0119,"2016-09-19",9,1,NA,NA,3,3,NA,4,3,NA,NA,1946,1946,NA,NA,NA,NA,6037,NA,3,NA,NA,"",2,34167009,-118525584,152673,1,NA,NA,NA,1,"010C",266,"LAR3",60371395.031001,12447,3101,51906,96349,0,NA,NA,NA,1,NA,NA,1965,NA,NA,219600,460000,2015,240400,5715.34,"",NA,2.98274322763285e-310
"15",10805019,0.0834,"2016-11-16",11,1,NA,NA,3,2,NA,4,3,NA,NA,1540,1540,NA,NA,NA,NA,6037,NA,3,NA,NA,"",2,34166100,-118522000,21583,NA,NA,NA,NA,NA,"010C",266,"LAR3",60371395.041001,12447,3101,51906,96349,0,NA,NA,NA,1,NA,NA,1990,NA,NA,152700,408000,2015,255300,5175.17,"",NA,2.98274322812692e-310
"16",10808112,0.0129,"2016-04-07",4,NA,NA,NA,1,3,NA,7,1,NA,NA,986,986,NA,NA,NA,NA,6037,NA,1,NA,NA,"",7,34157695,-118595642,5777,NA,NA,NA,NA,NA,"0100",261,"LAR1",60371375.022023,12447,3101,48570,96387,0,NA,NA,NA,1,NA,NA,1952,NA,NA,150692,250395,2015,99703,3208.75,"",NA,2.98274223905799e-310
"17",10826124,0.2852,"2016-11-23",11,NA,NA,NA,2,3,NA,7,2,NA,NA,1628,1628,NA,NA,NA,NA,6037,NA,2,NA,NA,"",2,34206364,-118440743,6807,NA,NA,NA,NA,NA,"0100",261,"LAR1",60371271.021003,12447,3101,41466,96414,0,NA,NA,NA,1,NA,NA,1953,NA,NA,207870,351779,2015,143909,18537.74,"",NA,2.98273710072488e-310
"18",10836049,0.002,"2016-01-08",1,NA,NA,NA,1,3,NA,7,1,NA,NA,1126,1126,NA,NA,NA,NA,6037,NA,1,NA,NA,"",7,34187044,-118513829,6306,NA,NA,NA,NA,NA,"0100",261,"LAR1",60371320.012005,12447,3101,32368,96415,0,NA,NA,NA,1,NA,NA,1950,NA,NA,22008,61967,2015,39959,933.78,"",NA,2.98273952120198e-310
"19",10837497,-0.0555,"2016-06-29",6,NA,NA,NA,2,3,NA,7,2,NA,NA,1259,1259,NA,NA,NA,NA,6037,NA,2,NA,NA,"",7,34188289,-118499379,5824,NA,NA,NA,NA,NA,"0100",261,"LAR1",60371321.013006,12447,3101,32368,96415,0,NA,NA,NA,1,NA,NA,1952,NA,NA,131662,413429,2015,281767,5106.64,"",NA,2.982739570658e-310
"20",10838338,-0.002,"2016-08-26",8,NA,NA,NA,2,4,NA,7,2,NA,NA,1604,1604,NA,NA,NA,NA,6037,NA,2,NA,NA,"",7,34187846,-118485646,6211,NA,NA,NA,NA,NA,"0101",261,"LAR1",60371276.051,12447,3101,41466,96415,0,NA,NA,NA,1,NA,NA,1950,NA,NA,197000,449000,2015,252000,6089.82,"",NA,2.98273734923975e-310
"21",10852770,0.0535,"2016-10-28",10,1,NA,NA,2,2,NA,1,2,NA,NA,1590,1590,NA,NA,NA,NA,6037,NA,2,NA,NA,"",2,34161200,-118504000,59272,1,NA,NA,NA,1,"010E",266,"LAR3",60371396.002011,12447,3101,51906,96349,0,NA,NA,NA,1,NA,NA,1974,NA,NA,63219,129699,2015,66480,1598.69,"",NA,2.98274327560712e-310
"22",10858668,0.0169,"2016-05-09",5,1,NA,NA,2,2,NA,4,2,NA,NA,1289,1289,NA,NA,NA,NA,6037,NA,2,NA,NA,"",2,34148100,-118442000,57110,1,NA,NA,NA,1,"010C",266,"LARD1.5",60371412.022002,12447,3101,27080,96424,0,NA,NA,NA,1,NA,NA,1971,NA,NA,130991,199272,2015,68281,2510.99,"",NA,2.98274406709984e-310
"23",10863512,0.0825,"2016-11-14",11,1,NA,NA,2,2,NA,4,2,NA,NA,1518,1518,NA,NA,NA,NA,6037,NA,2,NA,NA,"",2,34149100,-118451000,20412,1,NA,NA,NA,1,"010C",266,"LARD1.5",60371413.041004,12447,3101,27080,96412,0,NA,NA,NA,1,NA,NA,1978,NA,NA,100997,226114,2015,125117,2771.6,"",NA,2.98274411744523e-310
"24",10863950,0.2021,"2016-06-02",6,1,NA,NA,3,2,NA,4,3,NA,NA,1644,1644,NA,NA,NA,NA,6037,NA,3,NA,NA,"",2,34144116,-118454129,9346,NA,NA,NA,NA,NA,"0100",261,"LAR1",60371416.001007,12447,3101,27080,96412,0,NA,NA,NA,1,NA,NA,1940,NA,NA,252100,1050000,2015,797900,12883.4,"",NA,2.98274426368881e-310
"25",10874829,0.0807,"2016-01-15",1,NA,NA,NA,2,5,NA,7,2,NA,NA,1716,1716,NA,NA,NA,NA,6037,NA,2,NA,NA,"",7,34217368,-118401386,8104,NA,NA,NA,NA,NA,"0100",261,"LARS",60371210.101005,12447,3101,41131,96450,0,NA,NA,NA,1,NA,NA,1948,NA,NA,70539,101111,2015,30572,1311.39,"",NA,2.98273409087706e-310
"26",10887713,-0.006,"2016-04-06",4,1,NA,NA,1,3,NA,7,1,NA,NA,1706,1706,NA,NA,NA,NA,6037,NA,1,NA,NA,"",2,34181941,-118407191,7181,NA,NA,NA,NA,NA,"0100",261,"LAR1",60371237.003001,12447,3101,268548,96451,0,NA,NA,NA,1,NA,NA,1948,NA,NA,123927,433490,2015,309563,5325.05,"",NA,2.98273542001227e-310
"27",10901050,-1.435,"2016-01-13",1,1,NA,NA,2,3,NA,4,2,NA,NA,1861,1861,NA,NA,NA,NA,6037,NA,2,NA,NA,"",2,34162410,-118394627,10128,1,NA,NA,NA,1,"0101",261,"LAR1",60371251.004001,12447,3101,268551,96452,0,NA,NA,NA,1,NA,NA,1936,NA,NA,197900,906000,2015,708100,11158.44,"",NA,2.98273611175358e-310
"28",10911765,0.0686,"2016-07-07",7,1,NA,NA,1,1,NA,4,1,NA,NA,876,876,NA,NA,NA,NA,6037,NA,1,NA,NA,"",2,34147800,-118388000,30430,NA,NA,NA,NA,NA,"010C",266,"LAR3",60371436.022,12447,3101,47880,96449,0,NA,NA,NA,1,NA,NA,1976,NA,NA,99900,336000,2015,236100,4361.23,"",NA,2.98274525285729e-310
"29",10917954,0.008,"2016-06-16",6,NA,NA,NA,3,3,NA,4,3,NA,NA,2693,2693,NA,NA,NA,NA,6037,NA,3,NA,NA,"",2,34129972,-118417216,11665,1,NA,NA,NA,1,"0101",261,"LARE15",60371439.022007,12447,3101,27080,96424,0,NA,NA,NA,1,NA,NA,1958,NA,NA,323981,1055552,2015,731571,13180.54,"",NA,2.98274540107733e-310
"30",10949658,0.0373,"2016-01-20",1,NA,NA,NA,1,3,NA,7,1,NA,NA,1027,1027,NA,NA,NA,NA,6037,NA,1,NA,NA,"",7,34188449,-118341923,7147,NA,NA,NA,NA,NA,"0100",261,"BUR1YY",60373110.001006,396054,3101,NA,96437,0,NA,NA,NA,1,NA,NA,1944,NA,NA,75917,400080,2015,324163,4456.25,"",NA,2.98282795840917e-310
"31",10954606,0.0247,"2016-01-05",1,1,NA,NA,5,4,NA,1,5,NA,NA,4480,4480,NA,NA,NA,NA,6037,NA,5,NA,NA,"",2,34214562,-118332182,12511,NA,NA,NA,NA,NA,"0100",261,"BUR1*",60373101.003004,396054,3101,NA,96436,0,NA,NA,NA,1,NA,NA,1999,NA,NA,651569,1090976,2015,439407,12353.95,"",NA,2.9828275138488e-310
"32",10963287,0.0573,"2016-01-28",1,NA,NA,NA,2,3,NA,7,2,NA,NA,988,988,NA,NA,NA,NA,6037,NA,2,NA,NA,"",7,34321837,-118454959,6052,NA,NA,NA,NA,NA,"0100",261,"LAR1",60371064.061046,12447,3101,34213,96368,0,NA,NA,NA,1,NA,NA,1960,NA,NA,80792,155846,2015,75054,2007.92,"",NA,2.9827268755444e-310
"33",10966607,-0.0243,"2016-02-01",2,NA,NA,NA,2,4,NA,7,2,NA,NA,1700,NA,NA,1700,NA,NA,6037,NA,2,NA,NA,"",NA,34303691,-118453657,6266,NA,NA,NA,NA,NA,"0200",246,"LAR1",60371065.203,12447,3101,34213,96368,0,NA,NA,NA,2,NA,NA,1954,NA,NA,111474,191095,2015,79621,4394.63,"",NA,2.98272693196442e-310
"34",10967796,-0.1043,"2016-04-07",4,1,NA,NA,1,3,NA,7,1,NA,NA,1361,1361,NA,NA,NA,NA,6037,NA,1,NA,NA,"",2,34294311,-118444755,8934,NA,NA,NA,NA,NA,"0100",261,"LAR1",60371070.202009,12447,3101,34213,96366,0,NA,NA,NA,1,NA,NA,1950,NA,NA,52366,68644,2015,16278,908.65,"",NA,2.98272717894828e-310
"35",10977412,0.1587,"2016-04-19",4,NA,NA,NA,0,1,NA,7,NA,NA,NA,400,400,NA,NA,NA,NA,6037,NA,NA,NA,NA,"",NA,34282897,-118444983,5008,NA,NA,NA,NA,NA,"0100",261,"SFR2*",60373203.002006,47547,3101,NA,96366,0,NA,NA,NA,1,NA,NA,1913,NA,NA,10357,46967,2015,36610,764.58,"",NA,2.98283255326908e-310
"36",10981317,0.0169,"2016-06-20",6,NA,NA,NA,1,3,NA,7,1,NA,NA,1383,1383,NA,NA,NA,NA,6037,NA,1,NA,NA,"",7,34274018,-118360452,20513,NA,NA,NA,NA,NA,"0100",261,"LARA",60371032.002025,12447,3101,268249,96368,0,NA,NA,NA,1,NA,NA,1920,NA,NA,78059,237312,2015,159253,3007.89,"",NA,2.9827252916183e-310
"37",10991805,-0.0192,"2016-07-29",7,NA,NA,NA,2,3,NA,4,2,NA,NA,1540,1540,NA,NA,NA,NA,6037,NA,2,NA,NA,"",2,34261090,-118340450,19451,NA,NA,NA,NA,NA,"0100",261,"LARA",60371033.002014,12447,3101,33952,96282,0,NA,NA,NA,1,NA,NA,1959,NA,NA,224395,610967,2015,386572,7616.37,"",NA,2.98272534102433e-310
"38",10997744,-0.0131,"2016-10-06",10,1,NA,NA,3,3,NA,7,3,NA,NA,2004,2004,NA,NA,NA,NA,6037,NA,3,NA,NA,"",2,34253901,-118301427,5263,NA,NA,NA,NA,NA,"0100",261,"LAR1",60371034.00201,12447,3101,27328,96284,0,NA,NA,NA,1,NA,NA,1989,NA,NA,147913,271305,2015,123392,3440.5,"",NA,2.98272539043069e-310
"39",11003421,0.0247,"2016-05-17",5,1,NA,NA,3,2,NA,7,3,NA,NA,1607,1607,NA,NA,NA,NA,6037,NA,3,NA,NA,"",2,34255732,-118267180,1424,NA,NA,NA,NA,NA,"0100",261,"LARE40",60371013.001003,12447,3101,27484,96284,0,NA,NA,NA,1,NA,NA,1992,NA,NA,294774,702766,2015,407992,8611.77,"",NA,2.98272435284308e-310
"40",11017602,-0.0294,"2016-05-13",5,1,NA,NA,3,3,NA,4,3,NA,NA,1764,1764,NA,NA,NA,NA,6037,NA,3,NA,NA,"",2,34290601,-118463256,6493,NA,NA,NA,NA,NA,"0100",261,"LAA2",60371066.492005,12447,3101,34213,96368,0,NA,NA,NA,1,NA,NA,1998,NA,NA,126522,253044,2015,126522,3208.03,"",NA,2.98272699564973e-310
"41",11044567,-0.007,"2016-07-28",7,1,NA,NA,3,3,NA,4,3,NA,NA,1435,1435,NA,NA,NA,NA,6037,NA,3,NA,NA,"",2,34230200,-118463000,72647,1,NA,NA,NA,1,"010C",266,"LARD1.5",60371175.201003,12447,3101,13017,96369,0,NA,NA,NA,1,NA,NA,1990,NA,NA,150863,188576,2015,37713,2395.47,"",NA,2.98273236658786e-310
"42",11049110,-0.004,"2016-06-17",6,NA,NA,NA,2,4,NA,7,2,NA,NA,1554,1554,NA,NA,NA,NA,6037,NA,2,NA,NA,"",2,34276980,-118474244,7029,NA,NA,NA,NA,NA,"0100",261,"LARS",60371092.001,12447,3101,31817,96370,0,NA,NA,NA,1,NA,NA,1956,NA,NA,202331,344360,2015,142029,4321.98,"",NA,2.98272825596154e-310
"43",11060445,0.0296,"2016-06-30",6,NA,NA,NA,3,3,NA,4,3,NA,NA,1896,1896,NA,NA,NA,NA,6037,NA,3,NA,NA,"",2,34239890,-118499777,7691,1,NA,NA,NA,1,"0101",261,"LARS",60371173.023006,12447,3101,33183,96369,0,NA,NA,NA,1,NA,NA,1956,NA,NA,143315,220350,2015,77035,2759.01,"",NA,2.98273225898051e-310
"44",11074135,0.0507,"2016-09-06",9,NA,NA,NA,2,3,NA,4,2,NA,NA,1870,1870,NA,NA,NA,NA,6037,NA,2,NA,NA,"",2,34266973,-118533125,12362,1,NA,NA,NA,1,"0101",261,"LARE11",60371112.062007,12447,3101,33183,96356,0,NA,NA,NA,1,NA,NA,1959,NA,NA,119571,486688,2015,367117,6117.04,"",NA,2.98272924710698e-310
"45",11085589,0.008,"2016-10-07",10,1,NA,NA,2,2,NA,4,2,NA,NA,1436,1436,NA,NA,NA,NA,6037,NA,2,NA,NA,"",2,34251600,-118607000,60586,1,NA,NA,NA,1,"010C",266,"LARD3",60371132.131014,12447,3101,37835,96346,0,NA,NA,NA,1,NA,NA,1980,NA,NA,140757,234595,2015,93838,2988.75,"",NA,2.98273023864767e-310
"46",11095924,-0.0555,"2016-08-30",8,1,NA,NA,2,2,NA,4,2,NA,NA,900,900,NA,NA,NA,NA,6037,NA,2,NA,NA,"",2,34227000,-118600000,235718,1,NA,NA,NA,1,"010C",266,"LAR3",60371132.332001,12447,3101,30731,96339,0,NA,NA,NA,1,NA,NA,1971,NA,NA,100949,127918,2015,26969,1643.31,"",NA,2.98273024857774e-310
"47",11155347,0.0917,"2016-03-21",3,1,NA,NA,2,3,NA,7,2,NA,NA,934,934,NA,NA,NA,NA,6037,NA,2,NA,NA,"",2,34420200,-118453000,140000,1,NA,NA,NA,1,"010C",266,"SCUR5",60379200.381003,54311,3101,37739,96401,0,NA,NA,NA,1,NA,NA,1985,NA,NA,80146,130513,2015,50367,1322.26,"",NA,2.98312886316183e-310
"48",11161277,-0.0253,"2016-04-26",4,1,NA,NA,2,3,NA,7,2,NA,NA,1156,1156,NA,NA,NA,NA,6037,NA,2,NA,NA,"",2,34451185,-118388443,7184,NA,NA,NA,NA,NA,"0100",261,"SCUR2",60379108.081025,54311,3101,37739,96401,0,NA,NA,NA,1,NA,NA,1972,NA,NA,182584,289985,2015,107401,4033.34,"",NA,2.983124302937e-310
"49",11163733,0.0554,"2016-04-29",4,1,NA,NA,2,2,NA,7,2,NA,NA,987,987,NA,NA,NA,NA,6037,NA,2,NA,NA,"",2,34380600,-118545000,423536,1,NA,NA,NA,1,"010C",266,"SCUR4",60379203.223002,54311,3101,48200,96378,0,NA,NA,NA,1,NA,NA,1969,NA,NA,76083,95103,2015,19020,2861.29,"",NA,2.98312900357524e-310
"50",11167595,-0.0233,"2016-10-03",10,1,NA,NA,2,2,NA,4,2,NA,NA,1259,1259,NA,NA,NA,NA,6037,NA,2,NA,NA,"",2,34407732,-118545021,5006,NA,NA,NA,NA,NA,"010D",269,"SCUR2",60379203.293001,54311,3101,48200,96378,0,NA,NA,NA,1,NA,NA,1983,NA,NA,249799,417014,2015,167215,5782.64,"",NA,2.98312900703365e-310
"51",11174690,0.0325,"2016-07-22",7,1,NA,NA,2,2,NA,7,2,NA,NA,1046,1046,NA,NA,NA,NA,6037,NA,2,NA,NA,"",2,34500272,-118629749,15436,1,NA,NA,NA,1,"0101",261,"LCR15000*",60379201.041041,10734,3101,NA,96398,0,NA,NA,NA,1,NA,NA,1986,NA,NA,224000,374000,2015,150000,5602.35,"",NA,2.98312889577204e-310
"52",11195296,0.0247,"2016-06-28",6,NA,NA,NA,2,3,NA,7,2,NA,NA,1280,1280,NA,NA,NA,NA,6037,NA,2,NA,NA,"",2,34589740,-118126298,8325,NA,NA,NA,NA,NA,"0100",261,"LCRA7000*",60379102.012034,40227,3101,NA,97328,0,NA,NA,NA,1,NA,NA,1971,NA,NA,68223,85278,2015,17055,1913.54,"",NA,2.98312400308901e-310
"53",11196458,-0.004,"2016-04-08",4,NA,NA,NA,2,3,NA,7,2,NA,NA,1223,1223,NA,NA,NA,NA,6037,NA,2,NA,NA,"",7,34581149,-118123688,5783,NA,NA,NA,NA,NA,"0100",261,"PDR1*",60379104.021017,40227,3101,NA,97328,0,NA,NA,NA,1,NA,NA,1957,NA,NA,38663,65510,2015,26847,1719.71,"",NA,2.98312410234596e-310
"54",11203521,-0.0736,"2016-09-30",9,1,NA,NA,2,3,NA,7,2,NA,NA,1388,1388,NA,NA,NA,NA,6037,NA,2,NA,NA,"",2,34570768,-118083732,7860,1,NA,NA,NA,1,"0101",261,"PDR17500*",60379106.031014,40227,3101,NA,97328,0,NA,NA,NA,1,NA,NA,1969,NA,NA,111593,132840,2015,21247,2379.3,"",NA,2.983124201653e-310
"55",11203790,0.0129,"2016-07-06",7,1,NA,NA,2,3,NA,7,2,NA,NA,1136,1136,NA,NA,NA,NA,6037,NA,2,NA,NA,"",2,34566381,-118076524,3793,NA,NA,NA,NA,NA,"0100",261,"PDRPD12U*",60379106.03102,40227,3101,NA,97328,0,NA,NA,NA,1,NA,NA,1973,NA,NA,126477,158096,2015,31619,2675.81,"",NA,2.9831242016533e-310
"56",11204428,0.0237,"2016-01-14",1,1,NA,NA,2,3,NA,7,2,NA,NA,1460,1460,NA,NA,NA,NA,6037,NA,2,NA,NA,"",2,34560899,-118088137,7058,NA,NA,NA,NA,NA,"0100",261,"PDR1*",60379106.033006,40227,3101,NA,97328,0,NA,NA,NA,1,NA,NA,1986,NA,NA,111431,139287,2015,27856,2790.65,"",NA,2.98312420175142e-310
"57",11215519,-0.0481,"2016-08-01",8,1,NA,NA,2,3,NA,4,2,NA,NA,1672,1672,NA,NA,NA,NA,6037,NA,2,NA,NA,"",2,34567650,-118020550,7028,NA,NA,NA,NA,NA,"0100",261,"PDA21*",60379107.051009,40227,3101,NA,97330,0,NA,NA,NA,1,NA,NA,1991,NA,NA,145718,182146,2015,36428,3112.27,"",NA,2.98312425204745e-310
"58",11243849,0.4536,"2016-06-22",6,NA,NA,NA,2,2,NA,7,2,NA,NA,1524,1524,NA,NA,NA,NA,6037,NA,2,NA,NA,"",7,34474226,-117908098,121786,NA,NA,NA,NA,NA,"0100",261,"LCRA1*",60379110.013025,29189,3101,NA,97331,0,NA,NA,NA,1,NA,NA,1990,NA,NA,144562,184204,2015,39642,2134.16,"",NA,2.98312439839049e-310
"59",11244103,0.0149,"2016-09-16",9,NA,NA,NA,2,3,NA,4,2,NA,NA,1624,1624,NA,NA,NA,NA,6037,NA,2,NA,NA,"",NA,34429630,-117870373,282822,NA,NA,NA,NA,NA,"0700",263,"LCA11*",60379110.013129,25621,3101,NA,97331,0,NA,NA,NA,1,NA,NA,1990,NA,NA,121300,184900,2015,63600,2571.18,"",NA,2.98312439839563e-310
"60",11260905,0.0208,"2016-03-25",3,1,NA,NA,3,5,NA,4,3,NA,NA,2839,2839,NA,NA,NA,NA,6037,NA,3,NA,NA,"",2,34635978,-118226891,12092,NA,NA,NA,NA,NA,"0100",261,"PDR110000D",60379103.011009,40227,3101,NA,97329,0,NA,NA,NA,1,NA,NA,1988,NA,NA,208872,259775,2015,50903,4138.3,"",NA,2.98312405244493e-310
"61",11280892,0.0354,"2016-07-19",7,NA,NA,NA,2,3,NA,7,2,NA,NA,1014,1014,NA,NA,NA,NA,6037,NA,2,NA,NA,"",7,34687627,-118170029,6504,NA,NA,NA,NA,NA,"0100",261,"LRRA7000*",60379010.093001,5534,3101,NA,97319,0,NA,NA,NA,1,NA,NA,1957,NA,NA,73032,91288,2015,18256,1872.34,"",NA,2.98311946168537e-310
"62",11298368,-0.0367,"2016-04-07",4,1,NA,NA,2,3,NA,7,2,NA,NA,1502,1502,NA,NA,NA,NA,6037,NA,2,NA,NA,"",2,34678761,-118107555,6732,NA,NA,NA,NA,NA,"0100",261,"LRR6000*",60379005.052003,5534,3101,NA,97318,0,NA,NA,NA,1,NA,NA,1987,NA,NA,82860,103571,2015,20711,2037.28,"",NA,2.98311921262698e-310
"63",11330895,0.0862,"2016-01-29",1,1,NA,NA,4,4,NA,1,4,NA,NA,3925,3925,NA,NA,NA,NA,6037,NA,4,NA,NA,"",2,34503399,-118191445,217743,NA,NA,NA,NA,NA,"0100",261,"LCA21*",60379108.041041,16677,3101,NA,97298,0,NA,NA,NA,1,NA,NA,1997,NA,NA,406000,629000,2015,223000,6834.12,"",NA,2.98312430096153e-310
"64",11331030,-0.0202,"2016-03-16",3,1,NA,NA,4,4,NA,7,4,NA,NA,3030,3030,NA,NA,NA,NA,6037,NA,4,NA,NA,"",2,34503021,-118169315,444403,NA,NA,NA,NA,NA,"0100",261,"LCA210*",60379108.041021,16677,3101,NA,97298,0,NA,NA,NA,1,NA,NA,1984,NA,NA,266953,321446,2015,54493,3907.01,"",NA,2.98312430096054e-310
"65",11398906,0.7957,"2016-05-06",5,NA,NA,NA,2,2,NA,7,2,NA,NA,760,760,NA,NA,NA,NA,6037,NA,2,NA,NA,"",7,33975495,-118344547,5995,NA,NA,NA,NA,NA,"0100",261,"INR2YY",60376009.122006,45888,3101,NA,96134,0,NA,NA,NA,1,NA,NA,1925,NA,NA,66964,174110,2015,107146,2611.59,"",NA,2.98297119401809e-310
"66",11409970,-0.0305,"2016-08-26",8,NA,NA,NA,3,5,NA,4,3,NA,NA,2628,2628,NA,NA,NA,NA,6037,NA,3,NA,NA,"",7,33958843,-118323730,6743,NA,NA,NA,NA,NA,"0100",261,"INR1YY",60376007.041032,45888,3101,NA,96137,0,NA,NA,NA,1,NA,NA,1936,NA,NA,80861,250742,2015,169881,3626.89,"",NA,2.98297109120431e-310
"67",11409993,0.0807,"2016-09-23",9,NA,NA,NA,2,4,NA,7,2,NA,NA,1587,1587,NA,NA,NA,NA,6037,NA,2,NA,NA,"",7,33958979,-118322643,6750,NA,NA,NA,NA,NA,"0100",261,"INR1YY",60376007.041019,45888,3101,NA,96137,0,NA,NA,NA,1,NA,NA,1941,NA,NA,34449,54616,2015,20167,1020.31,"",NA,2.98297109120367e-310
"68",11428477,0.0169,"2016-08-29",8,NA,NA,NA,2,3,NA,7,2,NA,NA,1515,1515,NA,NA,NA,NA,6037,NA,2,NA,NA,"",2,33908939,-118323973,5472,NA,NA,NA,NA,NA,"0100",261,"GAR1",60376026.001,45398,3101,NA,96106,0,NA,NA,NA,1,NA,NA,1957,NA,NA,70404,339247,2015,268843,5415.49,"",NA,2.9829720279512e-310
"69",11434852,-0.0377,"2016-05-20",5,NA,NA,NA,4,5,NA,7,4,NA,NA,2114,NA,NA,2114,NA,NA,6037,NA,4,NA,NA,"",NA,33894359,-118326698,6000,NA,NA,NA,NA,NA,"0200",246,"LCR2*",60376037.021001,113412,3101,NA,96106,0,NA,NA,NA,1,NA,NA,1944,NA,NA,187542,340551,2015,153009,4668.86,"",NA,2.98297257241159e-310
"70",11456064,0.008,"2016-08-12",8,NA,NA,NA,2,2,NA,4,2,NA,NA,1183,1183,NA,NA,NA,NA,6037,NA,2,NA,NA,"",2,33967200,-118384000,14854,NA,NA,NA,NA,NA,"010E",266,"LARD1.5",60372760.004009,12447,3101,7877,96026,0,NA,NA,NA,1,NA,NA,1980,NA,NA,253952,321450,2015,67498,3922.36,"",NA,2.98281066625993e-310
"71",11457330,0.0276,"2016-08-22",8,NA,NA,NA,2,3,NA,7,2,NA,NA,1598,1598,NA,NA,NA,NA,6037,NA,2,NA,NA,"",7,33963768,-118388835,7012,1,NA,NA,NA,1,"0101",261,"LAR1",60372760.00501,12447,3101,7877,96026,0,NA,NA,NA,1,NA,NA,1948,NA,NA,52810,109292,2015,56482,1459.25,"",NA,2.98281066630938e-310
"72",11465632,-0.002,"2016-03-24",3,NA,NA,NA,2,2,NA,4,2,NA,NA,1268,1268,NA,NA,NA,NA,6037,NA,2,NA,NA,"",2,33954200,-118438000,201933,NA,NA,NA,NA,NA,"010C",266,"LAR3",60372766.032001,12447,3101,276514,96129,0,NA,NA,NA,1,NA,NA,1981,NA,NA,163737,272889,2015,109152,3332.28,"",NA,2.9828109640823e-310
"73",11474221,-0.0377,"2016-06-07",6,NA,NA,NA,2,3,NA,4,2,NA,NA,1360,1360,NA,NA,NA,NA,6037,NA,2,NA,NA,"",2,33983400,-118384000,26467,1,NA,NA,NA,1,"010C",266,"CCR3*",60377030.012035,51617,3101,NA,96095,0,NA,NA,NA,1,NA,NA,1967,NA,NA,158300,458990,2015,300690,5554.09,"",NA,2.98302163268724e-310
"74",11476413,0.0392,"2016-08-19",8,NA,NA,NA,1,2,NA,7,1,NA,NA,1480,1480,NA,NA,NA,NA,6037,NA,1,NA,NA,"",7,33924627,-118418834,8064,NA,NA,NA,NA,NA,"0100",261,"ESR2YY",60376201.012016,55753,3101,NA,96103,0,NA,NA,NA,1,NA,NA,1932,NA,NA,150148,750744,2015,600596,8486.24,"",NA,2.98298067464426e-310
"75",11496374,-0.005,"2016-05-10",5,NA,NA,NA,2,4,NA,7,2,NA,NA,1330,1330,NA,NA,NA,NA,6037,NA,2,NA,NA,"",2,33870986,-118388140,2496,NA,NA,NA,NA,NA,"0100",261,"RBR-1A",60376207.014004,33612,3101,NA,96124,0,NA,NA,NA,1,NA,NA,1962,NA,NA,31796,64813,2015,33017,1340.84,"",NA,2.98298097118187e-310
"76",11500018,0.0392,"2016-03-04",3,NA,NA,NA,4,5,NA,10,4,NA,NA,3692,3692,NA,NA,NA,NA,6037,NA,4,NA,NA,"",2,33886747,-118390445,4916,NA,NA,NA,NA,NA,"0100",261,"MNRS",60376208.004002,19177,3101,NA,96117,0,NA,NA,NA,1,NA,NA,2000,NA,NA,720781,1643265,2015,922484,18560.28,"",NA,2.98298102009427e-310
"77",11502890,0.1655,"2016-05-25",5,NA,NA,NA,1,2,NA,7,1,NA,NA,875,875,NA,NA,NA,NA,6037,NA,1,NA,NA,"",7,33890843,-118395781,4480,NA,NA,NA,NA,NA,"0100",261,"MNRS",60376203.032,19177,3101,NA,96117,0,NA,NA,NA,1,NA,NA,1948,NA,NA,32603,423925,2015,391322,4970.78,"",NA,2.98298077444473e-310
"78",11506291,-0.77,"2016-02-08",2,NA,NA,NA,3,3,NA,4,3,NA,NA,1829,1829,NA,NA,NA,NA,6037,NA,3,NA,NA,"",2,33896900,-118417000,2696,NA,NA,NA,NA,NA,"010C",266,"MNRH",60376203.057011,19177,3101,NA,96117,0,NA,NA,NA,1,NA,NA,1991,NA,NA,40368,156810,2015,116442,1905.91,"",NA,2.98298077568044e-310
"79",11508164,0.124,"2016-11-16",11,NA,NA,NA,4,4,NA,10,4,NA,NA,2778,2778,NA,NA,NA,NA,6037,NA,4,NA,NA,"",2,33882364,-118405206,2696,NA,NA,NA,NA,NA,"0100",261,"MNRS",60376209.044024,19177,3101,NA,96117,0,NA,NA,NA,1,NA,NA,1981,NA,NA,328193,683381,2015,355188,7848.71,"",NA,2.98298107147818e-310
"80",11533039,-0.0932,"2016-05-25",5,NA,NA,NA,2,3,NA,4,2,NA,NA,1510,1510,NA,NA,NA,NA,6037,NA,2,NA,NA,"",2,33986382,-118430879,5021,NA,NA,NA,NA,NA,"0100",261,"LAR1",60372753.021008,12447,3101,403184,96047,0,NA,NA,NA,1,NA,NA,1962,NA,NA,165200,826000,2015,660800,10132.04,"",NA,2.98281032125384e-310
"81",11533607,-0.0481,"2016-04-29",4,NA,NA,NA,1,2,NA,7,1,NA,NA,627,627,NA,NA,NA,NA,6037,NA,1,NA,NA,"",7,33989894,-118424286,4337,NA,NA,NA,NA,NA,"0100",261,"LAR1",60372753.112013,12447,3101,403184,96047,0,NA,NA,NA,1,NA,NA,1928,NA,NA,38791,324547,2015,285756,3937.48,"",NA,2.98281032575008e-310
"82",11534679,-0.1924,"2016-04-18",4,NA,NA,NA,3,2,NA,4,3,NA,NA,1398,1398,NA,NA,NA,NA,6037,NA,3,NA,NA,"",2,33978327,-118464779,3081,NA,NA,NA,NA,NA,"010C",266,"LAR3",60372742.024012,12447,3101,21056,96128,0,NA,NA,NA,1,NA,NA,1977,NA,NA,189277,934568,2015,745291,11330.32,"",NA,2.98280977793005e-310
"83",11545637,0.0843,"2016-09-23",9,NA,NA,NA,1,1,NA,7,1,NA,NA,667,667,NA,NA,NA,NA,6037,NA,1,NA,NA,"",7,33990806,-118447923,4779,NA,NA,NA,NA,NA,"0100",261,"LAR2",60372741.001003,12447,3101,403184,96127,0,NA,NA,NA,1,NA,NA,1948,NA,NA,15072,53807,2015,38735,14247.22,"Y",15,2.98280972738669e-310
"84",11562760,0.0564,"2016-10-06",10,1,NA,NA,3,3,NA,1,3,NA,NA,2114,2114,NA,NA,NA,NA,6037,NA,3,NA,NA,"",2,34036300,-118446000,10860,NA,NA,NA,NA,NA,"010C",266,"LAC2",60372677.002024,12447,3101,117954,96006,0,NA,NA,NA,1,NA,NA,1981,NA,NA,344158,717889,2015,373731,8849.79,"",NA,2.982806565417e-310
"85",11568762,0,"2016-05-26",5,1,NA,NA,3,2,NA,4,3,NA,NA,2101,2101,NA,NA,NA,NA,6037,NA,3,NA,NA,"",2,34052100,-118462000,84563,NA,NA,NA,NA,NA,"010C",266,"LAR4",60372643.012001,12447,3101,113910,96030,0,NA,NA,NA,1,NA,NA,1994,NA,NA,184000,1262000,2015,1078000,18331.36,"",NA,2.98280488608673e-310
"86",11572090,0.009,"2016-03-25",3,NA,NA,NA,2,2,NA,4,2,NA,NA,1053,1053,NA,NA,NA,NA,6037,NA,2,NA,NA,"",7,34035800,-118469000,7808,NA,NA,NA,NA,NA,"010E",266,"SMR2*",60377017.01102,26964,3101,NA,96151,0,NA,NA,NA,1,NA,NA,1976,NA,NA,121000,607000,2015,486000,7327.89,"",NA,2.98302099035175e-310
"87",11610085,0.0611,"2016-02-07",2,NA,NA,NA,2,2,NA,4,2,NA,NA,1939,1939,NA,NA,NA,NA,6037,NA,2,NA,NA,"",2,34037252,-118412417,7908,NA,NA,NA,NA,NA,"0100",261,"LAR1",60372693.002008,12447,3101,403142,96045,0,NA,NA,NA,1,NA,NA,1939,NA,NA,283936,1419690,2015,1135754,17473.2,"",NA,2.98280735592124e-310
"88",11624003,0.1363,"2016-05-12",5,1,NA,NA,5,3,NA,10,5,NA,NA,2790,2790,NA,NA,NA,NA,6037,NA,5,NA,NA,"",2,34054922,-118409053,787351,1,NA,NA,NA,1,"010C",266,"LAR4",60372679.011025,12447,3101,114246,96048,0,NA,NA,NA,1,NA,NA,1980,NA,NA,449097,1191077,2015,741980,15717.25,"",NA,2.98280666467483e-310
"89",11636324,-0.0694,"2016-10-12",10,NA,NA,NA,4,5,NA,10,4,NA,NA,4403,4403,NA,NA,NA,NA,6037,NA,4,NA,NA,"",2,34082178,-118399239,16561,1,NA,NA,NA,1,"0101",261,"BHR1*",60377006.002014,10389,3101,NA,96086,0,NA,NA,NA,1,NA,NA,1927,NA,NA,101982,401840,2015,299858,3517.42,"",NA,2.98302044643459e-310
"90",11639479,-0.1109,"2016-07-27",7,NA,NA,NA,4,4,NA,10,4,NA,NA,4167,4167,NA,NA,NA,NA,6037,NA,4,NA,NA,"",2,34086675,-118412526,34087,NA,NA,NA,NA,NA,"0100",261,"BHR1*",60377007.00101,10389,3101,NA,96086,0,NA,NA,NA,1,NA,NA,1952,NA,NA,99531,444276,2015,344745,5491.45,"",NA,2.98302049579155e-310
"91",11640238,0.0853,"2016-08-15",8,1,NA,NA,4,4,NA,10,4,NA,NA,4929,4929,NA,NA,NA,NA,6037,NA,4,NA,NA,"",2,34097508,-118404809,17528,1,NA,NA,NA,1,"0101",261,"BHR1*",60377006.005001,12447,3101,113749,96086,0,NA,NA,NA,1,NA,NA,1937,NA,NA,713986,3416933,2015,2702947,40470.38,"",NA,2.98302044658216e-310
"92",11640788,0.0478,"2016-02-25",2,NA,NA,NA,2,3,NA,4,2,NA,NA,1742,1742,NA,NA,NA,NA,6037,NA,2,NA,NA,"",2,34096498,-118420963,6749,NA,NA,NA,NA,NA,"0100",261,"LARE15",60372611.022008,12447,3101,113749,96086,0,NA,NA,NA,1,NA,NA,1938,NA,NA,260094,1300473,2015,1040379,21247.09,"",NA,2.98280330557107e-310
"93",11648644,0.077,"2016-05-20",5,1,NA,NA,7,5,NA,NA,7,NA,NA,6771,6771,NA,NA,NA,NA,6037,NA,7,NA,NA,"",2,34091558,-118454040,83821,1,NA,NA,NA,1,"0100",261,"LARE20",60372621.003006,12447,3101,113688,96058,0,NA,NA,NA,1,NA,NA,2008,NA,NA,1503643,5799769,2015,4296126,70970.74,"",NA,2.9828037986979e-310
"94",11665883,-0.001,"2016-08-26",8,NA,NA,NA,2,2,NA,4,2,NA,NA,1967,1967,NA,NA,NA,NA,6037,NA,2,NA,NA,"",2,34040735,-118559569,3786,NA,NA,NA,NA,NA,"0100",261,"LAR1",60372626.043015,12447,3101,19810,96120,0,NA,NA,NA,1,NA,NA,1957,NA,NA,49341,107253,2015,57912,26477.69,"",NA,2.98280404770743e-310
"95",11666355,0.0305,"2016-07-22",7,NA,NA,NA,3,4,NA,4,3,NA,NA,2055,2055,NA,NA,NA,NA,6037,NA,3,NA,NA,"",7,34043023,-118561365,7211,1,NA,NA,NA,1,"0101",261,"LAR1",60372626.043021,12447,3101,19810,96120,0,NA,NA,NA,1,NA,NA,1954,NA,NA,256039,1168613,2015,912574,14277.22,"",NA,2.98280404770772e-310
"96",11670849,-0.0253,"2016-05-24",5,NA,NA,NA,3,4,NA,1,3,NA,NA,3387,3387,NA,NA,NA,NA,6037,NA,3,NA,NA,"",2,34070471,-118560299,8572,1,NA,NA,NA,1,"0101",261,"LAR1",60372626.011014,12447,3101,19810,96120,0,NA,NA,NA,1,NA,NA,1974,NA,NA,592224,1616834,2015,1024610,20034.45,"",NA,2.98280404612637e-310
"97",11681485,-0.0192,"2016-07-15",7,1,NA,NA,5,5,NA,1,5,NA,NA,4216,4216,NA,NA,NA,NA,6037,NA,5,NA,NA,"",2,34127026,-118659563,16175,1,NA,NA,NA,1,"010D",269,"LCA11*",60378002.022016,37688,3101,NA,96337,0,NA,NA,NA,1,NA,NA,1999,NA,NA,970000,1716000,2015,746000,22565.26,"",NA,2.98306965636114e-310
"98",11683467,0.2119,"2016-05-25",5,1,NA,NA,0,0,NA,NA,NA,NA,NA,2290,2290,NA,NA,NA,NA,6037,NA,NA,NA,NA,"",2,34043755,-118705694,300987,1,NA,NA,NA,1,"010C",266,"LCA11*",60378004.101071,12520,3101,NA,96116,0,NA,NA,NA,NA,NA,NA,1981,NA,NA,114169,203396,2015,89227,3976.53,"",NA,2.98306975908011e-310
"99",11688422,-0.0408,"2016-06-01",6,NA,NA,NA,3,5,NA,1,3,NA,NA,2381,2381,NA,NA,NA,NA,6037,NA,3,NA,NA,"",2,34037317,-118844111,11538,1,NA,NA,NA,1,"0101",261,"LCR111000*",60378004.084015,12520,3101,761094,96116,0,NA,NA,NA,1,NA,NA,1964,NA,NA,124219,196820,2015,72601,5004.63,"",NA,2.98306975823743e-310
"100",11698940,0.0611,"2016-04-01",4,NA,NA,NA,2,3,NA,4,2,NA,NA,1834,1834,NA,NA,NA,NA,6037,NA,2,NA,NA,"",2,33995180,-118356792,6759,NA,NA,NA,NA,NA,"0100",261,"LCR1*",60377031.004001,396550,3101,NA,96024,0,NA,NA,NA,1,NA,NA,1952,NA,NA,146000,725000,2015,579000,9576.6,"",NA,2.98302168169687e-310
"101",11707866,2.758,"2016-09-20",9,NA,NA,NA,1,4,NA,7,1,NA,NA,2078,2078,NA,NA,NA,NA,6037,NA,1,NA,NA,"",NA,34006209,-118305085,5828,NA,NA,NA,NA,NA,"0100",261,"LAR1",60372315.001006,12447,3101,118208,96043,0,NA,NA,NA,1,NA,NA,1912,NA,NA,104837,301263,2015,196426,3874.63,"",NA,2.98278868019032e-310
"102",11724609,0.0602,"2016-08-16",8,NA,NA,NA,2,4,NA,7,2,NA,NA,1516,1516,NA,NA,NA,NA,6037,NA,2,NA,NA,"",7,34019777,-118343977,6049,NA,NA,NA,NA,NA,"0100",261,"LAR1",60372195.002011,12447,3101,268581,95997,0,NA,NA,NA,1,NA,NA,1944,NA,NA,28335,59727,2015,31392,922.5,"",NA,2.98278275145222e-310
"103",11729338,-0.0812,"2016-04-29",4,NA,NA,NA,2,4,NA,7,2,NA,NA,1538,1538,NA,NA,NA,NA,6037,NA,2,NA,NA,"",7,34030554,-118315744,6753,NA,NA,NA,NA,NA,"0100",261,"LARD2",60372220.011002,12447,3101,115836,95999,0,NA,NA,NA,1,NA,NA,1910,NA,NA,84416,422090,2015,337674,5314.31,"",NA,2.98278398706055e-310
"104",11736961,0.0119,"2016-05-17",5,NA,NA,NA,2,2,NA,7,2,NA,NA,1600,NA,NA,1600,NA,NA,6037,NA,2,NA,NA,"",NA,34034747,-118357369,6491,NA,NA,NA,NA,NA,"0200",246,"LARD2",60372184.003002,12447,3101,274514,95997,0,NA,NA,NA,2,NA,NA,1924,NA,NA,151500,6e+05,2015,448500,7577.37,"",NA,2.98278220802898e-310
"105",11752681,0.007,"2016-07-21",7,NA,NA,NA,2,2,NA,4,2,NA,NA,1300,1300,NA,NA,NA,NA,6037,NA,2,NA,NA,"",2,34057076,-118350206,10644,NA,NA,NA,NA,NA,"010C",266,"LAR3",60372162.005001,12447,3101,274514,96000,0,NA,NA,NA,1,NA,NA,1989,NA,NA,152318,270451,2015,118133,3286.84,"",NA,2.98278112118332e-310
"106",11759834,0.0926,"2016-05-03",5,NA,NA,NA,2,2,NA,7,2,NA,NA,970,970,NA,NA,NA,NA,6037,NA,2,NA,NA,"",7,33990926,-118270955,5103,NA,NA,NA,NA,NA,"0100",261,"LAR2",60372294.101004,12447,3101,268496,95992,0,NA,NA,NA,1,NA,NA,1921,NA,NA,26345,37541,2015,11196,2972.56,"",NA,2.98278764759302e-310
"107",11763394,0.009,"2016-03-23",3,NA,NA,NA,1,2,NA,7,1,NA,NA,712,712,NA,NA,NA,NA,6037,NA,1,NA,NA,"",7,34000710,-118252884,2883,NA,NA,NA,NA,NA,"0100",261,"LAR2",60372287.101003,12447,3101,268496,95992,0,NA,NA,NA,1,NA,NA,1906,NA,NA,49726,169194,2015,119468,4269.97,"",NA,2.98278730174702e-310
"108",11769752,0,"2016-10-20",10,NA,NA,NA,4,8,NA,7,4,NA,NA,3550,NA,NA,3550,NA,NA,6037,NA,4,NA,NA,"",NA,34006910,-118245603,5464,NA,NA,NA,NA,NA,"0400",248,"LAR2",60372281.002001,12447,3101,273197,95992,0,NA,NA,NA,4,NA,NA,1963,NA,NA,125411,344882,2015,219471,4519.91,"",NA,2.98278700041628e-310
"109",11790778,0.0227,"2016-08-04",8,1,NA,NA,1,1,NA,7,1,NA,NA,796,796,NA,NA,NA,NA,6037,NA,1,NA,NA,"",2,34065400,-118282000,43251,NA,NA,NA,NA,NA,"010E",266,"LAR4",60372087.101001,12447,3101,276023,96038,0,NA,NA,NA,1,NA,NA,1971,NA,NA,73400,3e+05,2015,226600,3698.21,"",NA,2.982777420434e-310
"110",11872540,0.145,"2016-07-01",7,1,NA,NA,2,2,NA,4,2,NA,NA,1547,1547,NA,NA,NA,NA,6037,NA,2,NA,NA,"",2,34096800,-118186000,216134,1,NA,NA,NA,1,"010E",266,"LARD5",60372013.024001,12447,3101,114914,96023,0,NA,NA,NA,1,NA,NA,1987,NA,NA,221902,470377,2015,248475,5776.19,"",NA,2.98277376054392e-310
"111",11877066,0.0178,"2016-06-23",6,NA,NA,NA,2,2,NA,NA,2,NA,NA,1628,NA,NA,1628,NA,NA,6037,NA,2,NA,NA,"",NA,34094043,-118160622,4888,NA,NA,NA,NA,NA,"0200",246,"LAPF",60372011.201005,12447,3101,114914,96013,0,NA,NA,NA,2,NA,NA,1926,NA,NA,48074,288447,2015,240373,3637.81,"",NA,2.98277367047595e-310
"112",11895127,0.1204,"2016-01-08",1,NA,NA,NA,1,2,NA,7,1,NA,NA,945,945,NA,NA,NA,NA,6037,NA,1,NA,NA,"",7,34097431,-118139569,6363,NA,NA,NA,NA,NA,"0100",261,"ALRPD*",60374803.032002,50677,3101,NA,96531,0,NA,NA,NA,1,NA,NA,1926,NA,NA,56425,214546,2015,158121,2747.68,"",NA,2.98291160525441e-310
"113",11898452,-0.1165,"2016-04-21",4,1,NA,NA,5,6,NA,4,5,NA,NA,3072,NA,NA,3072,NA,NA,6037,NA,5,NA,NA,"",NA,34088935,-118127705,7500,NA,NA,NA,NA,NA,"0200",246,"ALRPD*",60374810.01201,50677,3101,NA,96531,0,NA,NA,NA,2,NA,NA,1988,NA,NA,369117,499850,2015,130733,6284.99,"",NA,2.98291195011263e-310
"114",11903691,-0.0965,"2016-01-29",1,NA,NA,NA,2,2,NA,NA,2,NA,NA,1200,NA,NA,1200,NA,NA,6037,NA,2,NA,NA,"",NA,34078340,-118151277,5968,NA,NA,NA,NA,NA,"0200",246,"ALRPD*",60374808.022022,50677,3101,NA,96533,0,NA,NA,NA,2,NA,NA,1950,NA,NA,40356,155365,2015,115009,2232.75,"",NA,2.98291185179416e-310
"115",11915541,-0.1324,"2016-10-13",10,NA,NA,NA,2,3,NA,7,2,NA,NA,1319,1319,NA,NA,NA,NA,6037,NA,2,NA,NA,"",7,34092019,-118096767,8003,NA,NA,NA,NA,NA,"0100",261,"SLR1AY",60374811.032006,33837,3101,NA,96515,0,NA,NA,NA,1,NA,NA,1951,NA,NA,23435,49724,2015,26289,967.76,"",NA,2.98291200050713e-310
"116",11922009,0.0797,"2016-04-28",4,NA,NA,NA,3,4,NA,4,3,NA,NA,2012,2012,NA,NA,NA,NA,6037,NA,3,NA,NA,"",7,34131539,-118091257,17760,1,NA,NA,NA,1,"0101",261,"LCR110",60374631.022028,NA,3101,NA,96295,0,NA,NA,NA,1,NA,NA,1951,NA,NA,435000,1235000,2015,8e+05,15288.47,"",NA,2.98290310683252e-310
"117",11930055,-0.1098,"2016-06-29",6,NA,NA,NA,1,3,NA,7,1,NA,NA,1142,1142,NA,NA,NA,NA,6037,NA,1,NA,NA,"",7,34098198,-118071125,9591,NA,NA,NA,NA,NA,"0100",261,"TCR3YY",60374812.013008,14111,3101,NA,96517,0,NA,NA,NA,1,NA,NA,1942,NA,NA,24863,56255,2015,31392,1054.42,"",NA,2.98291204897506e-310
"118",11931171,0.1275,"2016-07-28",7,NA,NA,NA,2,3,NA,7,2,NA,NA,1168,1168,NA,NA,NA,NA,6037,NA,2,NA,NA,"",2,34094013,-118078400,6330,NA,NA,NA,NA,NA,"0100",261,"LCA1YY",60374812.021008,33837,3101,NA,96515,0,NA,NA,NA,1,NA,NA,1958,NA,NA,94858,474290,2015,379432,5851.59,"",NA,2.98291204937032e-310
"119",11947592,-0.0101,"2016-01-22",1,NA,NA,NA,4,6,NA,7,4,NA,NA,3229,NA,NA,3229,NA,NA,6037,NA,4,NA,NA,"",NA,34110692,-118274165,7526,NA,NA,NA,NA,NA,"0300",247,"LARD1.5",60371952.011,12447,3101,274359,96008,0,NA,NA,NA,3,NA,NA,1930,NA,NA,47303,97468,2015,50165,1519.91,"",NA,2.98277074610115e-310
"120",11951252,-0.007,"2016-09-23",9,1,NA,NA,2,4,NA,7,2,NA,NA,1504,1504,NA,NA,NA,NA,6037,NA,2,NA,NA,"",2,34111517,-118257349,4844,NA,NA,NA,NA,NA,"0100",261,"LAR1",60371871.021003,12447,3101,268010,96020,0,NA,NA,NA,1,NA,NA,1976,NA,NA,171148,734650,2015,563502,8982.1,"",NA,2.98276674466363e-310
"121",11964672,0.001,"2016-03-29",3,NA,NA,NA,1,1,NA,7,1,NA,NA,440,440,NA,NA,NA,NA,6037,NA,1,NA,NA,"",7,34104769,-118209609,4824,NA,NA,NA,NA,NA,"0100",261,"LAR1",60371851.003003,12447,3101,116774,96046,0,NA,NA,NA,1,NA,NA,1923,NA,NA,97200,390000,2015,292800,5177.58,"",NA,2.98276575564302e-310
"122",11976432,0.003,"2016-06-06",6,1,NA,NA,3,2,NA,4,3,NA,NA,1181,1181,NA,NA,NA,NA,6037,NA,3,NA,NA,"true",2,34112602,-118192674,20012,NA,NA,1,NA,NA,"010C",266,"LARD1.5",60371836.102003,12447,3101,115609,96023,0,NA,NA,NA,1,NA,NA,1981,NA,NA,83607,209018,2015,125411,2652.08,"",NA,2.9827650194358e-310
"123",11995437,0.0266,"2016-04-04",4,NA,NA,NA,2,3,NA,7,2,NA,NA,1296,1296,NA,NA,NA,NA,6037,NA,2,NA,NA,"",7,34084985,-118340388,6000,1,NA,NA,NA,1,"0101",261,"LAR1",60371919.021006,12447,3101,32059,96019,0,NA,NA,NA,1,NA,NA,1922,NA,NA,272263,777894,2015,505631,9627.23,"",NA,2.98276911617888e-310
"124",11996568,0.0296,"2016-01-13",1,NA,NA,NA,1,1,NA,1,1,NA,NA,622,622,NA,NA,NA,NA,6037,NA,1,NA,NA,"",2,34081100,-118343000,39884,1,NA,NA,NA,1,"010E",266,"LARD1.5",60371919.021012,12447,3101,274517,96017,0,NA,NA,NA,1,NA,NA,1972,NA,NA,91100,205457,2015,114357,2551.39,"",NA,2.98276911617917e-310
"125",12015288,0.0488,"2016-01-25",1,1,NA,NA,3,2,NA,1,3,NA,NA,1727,1727,NA,NA,NA,NA,6037,NA,3,NA,NA,"",2,34100000,-118349000,11541,1,NA,NA,NA,1,"010C",266,"LAR3",60371899.052,12447,3101,32059,96027,0,NA,NA,NA,1,NA,NA,1985,NA,NA,230617,550788,2015,320171,6781.2,"",NA,2.98276812957889e-310
"126",12017274,0.1765,"2016-06-06",6,1,NA,NA,1,1,NA,4,1,NA,NA,733,733,NA,NA,NA,NA,6037,NA,1,NA,NA,"",2,34095300,-118365000,14654,NA,NA,NA,NA,NA,"010E",266,"WDR4*",60377002.001002,48424,3101,NA,96027,0,NA,NA,NA,1,NA,NA,1955,NA,NA,77481,283185,2015,205704,3628.97,"",NA,2.98302024875833e-310
"127",12024889,0.2374,"2016-09-07",9,NA,NA,NA,2,3,NA,4,2,NA,NA,2051,2051,NA,NA,NA,NA,6037,NA,2,NA,NA,"",2,34119780,-118384553,21061,1,NA,NA,NA,1,"0101",261,"LARE15",60372611.011004,12447,3101,113749,96027,0,NA,NA,NA,1,NA,NA,1966,NA,NA,113675,173214,2015,59539,2505.39,"",NA,2.9828033050274e-310
"128",12028575,0.1187,"2016-06-03",6,NA,NA,NA,5,6,NA,1,5,NA,NA,4356,4356,NA,NA,NA,NA,6037,NA,5,NA,NA,"",2,34112579,-118330376,14362,1,NA,NA,NA,1,"0101",261,"LAR1",60371897.012012,12447,3101,274049,96049,0,NA,NA,NA,1,NA,NA,1923,NA,NA,510130,1376947,2015,866817,17211.69,"",NA,2.98276802879009e-310
"129",12028872,-0.0661,"2016-08-12",8,NA,NA,NA,2,2,NA,4,2,NA,NA,1395,1395,NA,NA,NA,NA,6037,NA,2,NA,NA,"",2,34111924,-118328798,5361,1,NA,NA,NA,1,"0101",261,"LAR1",60371896.003007,12447,3101,274049,96049,0,NA,NA,NA,1,NA,NA,1951,NA,NA,158702,581200,2015,422498,7147.27,"Y",13,2.98276797893862e-310
"130",12038509,0.0119,"2016-04-15",4,1,NA,NA,3,4,NA,4,3,NA,NA,2310,2310,NA,NA,NA,NA,6037,NA,3,NA,NA,"",2,34115601,-118284487,14145,1,NA,NA,NA,1,"0101",261,"LARE11",60371882.022011,12447,3101,274359,96008,0,NA,NA,NA,1,NA,NA,1946,NA,NA,418500,1859200,2015,1440700,26059.81,"",NA,2.98276728818564e-310
"131",12057121,0.0169,"2016-07-22",7,1,NA,NA,2,3,NA,7,2,NA,NA,2147,2147,NA,NA,NA,NA,6037,NA,2,NA,NA,"",2,34175643,-118273369,10922,1,NA,NA,NA,1,"0101",261,"GLR1*",60373013.002012,45457,3101,273837,96321,0,NA,NA,NA,1,NA,NA,1948,NA,NA,88720,1035122,2015,946402,11461.16,"",NA,2.9828231660221e-310
"132",12075904,-0.0769,"2016-04-18",4,1,NA,NA,3,4,NA,4,3,NA,NA,2837,2837,NA,NA,NA,NA,6037,NA,3,NA,NA,"",2,34181361,-118205746,11078,1,NA,NA,NA,1,"0101",261,"GLR1-R*",60373009.013001,45457,3101,273633,96325,0,NA,NA,NA,1,NA,NA,1979,NA,NA,208142,345776,2015,137634,3995.41,"",NA,2.98282296893877e-310
"133",12077310,0.0218,"2016-06-01",6,NA,NA,NA,2,3,NA,4,2,NA,NA,2118,2118,NA,NA,NA,NA,6037,NA,2,NA,NA,"",2,34156921,-118233068,9305,NA,NA,NA,NA,NA,"0100",261,"GLR1YY",60373010.001,45457,3101,276121,96325,0,NA,NA,NA,1,NA,NA,1949,NA,NA,61177,106647,2015,45470,1260.68,"",NA,2.98282301775241e-310
"134",12084427,-0.0888,"2016-03-24",3,NA,NA,NA,1,2,NA,7,1,NA,NA,1260,1260,NA,NA,NA,NA,6037,NA,1,NA,NA,"",7,34130424,-118237643,7429,NA,NA,NA,NA,NA,"0100",261,"GLR1*",60373021.025007,45457,3101,272725,96324,0,NA,NA,NA,1,NA,NA,1920,NA,NA,98011,201092,2015,103081,5837.65,"",NA,2.98282356241072e-310
"135",12105186,0.0742,"2016-08-30",8,1,NA,NA,2,3,NA,7,2,NA,NA,1136,1136,NA,NA,NA,NA,6037,NA,2,NA,NA,"",2,34158500,-118143000,16378,NA,NA,NA,NA,NA,"010C",266,"PSR3",60374620.012006,47019,3101,274695,96292,0,NA,NA,NA,1,NA,NA,1991,NA,NA,145081,284939,2015,139858,3469.83,"",NA,2.98290256286516e-310
"136",12109714,0.0266,"2016-02-22",2,NA,NA,NA,1,1,NA,7,1,NA,NA,531,531,NA,NA,NA,NA,6037,NA,1,NA,NA,"",7,34137800,-118141000,16654,NA,NA,NA,NA,NA,"010C",266,"PSR3",60374636.012001,47019,3101,275405,96289,0,NA,NA,NA,1,NA,NA,1978,NA,NA,74832,181217,2015,106385,2182.32,"",NA,2.98290335336995e-310
"137",12121343,-0.0253,"2016-04-27",4,NA,NA,NA,2,3,NA,4,2,NA,NA,1704,1704,NA,NA,NA,NA,6037,NA,2,NA,NA,"",2,34138157,-118095190,8446,NA,NA,NA,NA,NA,"0100",261,"LCR1YY",60374633.001011,47019,3101,275426,96295,0,NA,NA,NA,1,NA,NA,1954,NA,NA,183066,915335,2015,732269,11317.99,"",NA,2.98290320460727e-310
"138",12123741,-0.0661,"2016-08-09",8,NA,NA,NA,2,2,NA,7,2,NA,NA,1536,1536,NA,NA,NA,NA,6037,NA,2,NA,NA,"",7,34156784,-118081038,7563,1,NA,NA,NA,1,"0101",261,"PSR6",60374629.001014,47019,3101,274705,96295,0,NA,NA,NA,1,NA,NA,1947,NA,NA,138000,694000,2015,556000,8109.4,"",NA,2.98290300698116e-310
"139",12124788,0.1972,"2016-03-01",3,NA,NA,NA,2,2,NA,4,2,NA,NA,1852,1852,NA,NA,NA,NA,6037,NA,2,NA,NA,"",2,34138955,-118081887,7092,NA,NA,NA,NA,NA,"0100",261,"LCR105",60374631.023013,NA,3101,NA,96295,0,NA,NA,NA,1,NA,NA,1940,NA,NA,224799,691611,2015,466812,8262.12,"",NA,2.98290310688119e-310
"140",12125789,0.0611,"2016-01-28",1,1,NA,NA,3,3,NA,4,3,NA,NA,1690,1690,NA,NA,NA,NA,6037,NA,3,NA,NA,"",2,34161166,-118079786,28931,NA,NA,NA,NA,NA,"010C",266,"PSR6",60374630.002,47019,3101,274705,96295,0,NA,NA,NA,1,NA,NA,1979,NA,NA,236656,269928,2015,33272,3267.17,"",NA,2.98290305643644e-310
"141",12133589,0.0573,"2016-06-17",6,NA,NA,NA,3,4,NA,4,3,NA,NA,2662,2662,NA,NA,NA,NA,6037,NA,3,NA,NA,"",2,34152869,-118049615,17441,NA,NA,NA,NA,NA,"0100",261,"ARR0YY",60374306.004005,50749,3101,NA,96267,0,NA,NA,NA,1,NA,NA,1951,NA,NA,336414,910547,2015,574133,10766.24,"",NA,2.98288704880858e-310
"142",12133758,0.0926,"2016-06-01",6,1,NA,NA,4,4,NA,4,4,NA,NA,2720,2720,NA,NA,NA,NA,6037,NA,4,NA,NA,"",2,34149391,-118054678,9657,NA,NA,NA,NA,NA,"0100",261,"ARR110000*",60374306.004017,50749,3101,NA,96267,0,NA,NA,NA,1,NA,NA,1966,NA,NA,162614,228909,2015,66295,3077.3,"",NA,2.98288704880917e-310
"143",12139210,0.0478,"2016-06-08",6,1,NA,NA,3,3,NA,4,3,NA,NA,1715,1715,NA,NA,NA,NA,6037,NA,3,NA,NA,"",2,34130900,-118049000,72719,1,NA,NA,NA,1,"010C",266,"ARR3*",60374307.212004,50749,3101,NA,96268,0,NA,NA,NA,1,NA,NA,1980,NA,NA,217079,589310,2015,372231,7045.77,"",NA,2.98288710849166e-310
"144",12154738,-0.1335,"2016-04-05",4,NA,NA,NA,2,3,NA,4,2,NA,NA,1866,1866,NA,NA,NA,NA,6037,NA,2,NA,NA,"",2,34209722,-118195634,13530,NA,NA,NA,NA,NA,"0100",261,"LFR110000*",60374605.022011,46080,3101,NA,96271,0,NA,NA,NA,1,NA,NA,1958,NA,NA,212546,353889,2015,141343,4895.79,"",NA,2.982901822261e-310
"145",12156233,-0.002,"2016-03-29",3,1,NA,NA,3,2,NA,4,3,NA,NA,2070,2070,NA,NA,NA,NA,6037,NA,3,NA,NA,"",2,34213422,-118185166,3542,NA,NA,NA,NA,NA,"010D",269,"LFR115000*",60374605.011018,46080,3101,NA,96271,0,NA,NA,NA,1,NA,NA,1966,NA,NA,171380,463664,2015,292284,5477.08,"",NA,2.98290182171788e-310
"146",12165966,0.0257,"2016-04-13",4,NA,NA,NA,1,2,NA,7,1,NA,NA,800,800,NA,NA,NA,NA,6037,NA,1,NA,NA,"",7,34185715,-118142156,6562,NA,NA,NA,NA,NA,"0100",261,"LCR110",60374611.00301,30187,3101,NA,96265,0,NA,NA,NA,1,NA,NA,1949,NA,NA,22008,35242,2015,13234,5241.49,"",NA,2.98290211776162e-310
"147",12173838,-0.1065,"2016-05-13",5,NA,NA,NA,1,3,NA,7,1,NA,NA,1124,1124,NA,NA,NA,NA,6037,NA,1,NA,NA,"",7,34170093,-118100013,7001,NA,NA,NA,NA,NA,"0100",261,"LCR175",60374613.002015,NA,3101,NA,96292,0,NA,NA,NA,1,NA,NA,1939,NA,NA,119290,198809,2015,79519,6697.98,"",NA,2.98290221652559e-310
"148",12192623,0.2837,"2016-06-17",6,NA,NA,NA,2,2,NA,7,2,NA,NA,1038,NA,NA,1038,NA,NA,6037,NA,2,NA,NA,"",NA,33979058,-118316563,2250,NA,NA,NA,NA,NA,"0200",246,"LAR3",60372373.001002,12447,3101,118208,96028,0,NA,NA,NA,2,NA,NA,1936,NA,NA,14658,25649,2015,10991,441.25,"",NA,2.98279154577087e-310
"149",12194698,-0.002,"2016-05-25",5,NA,NA,NA,2,3,NA,7,2,NA,NA,1619,1619,NA,NA,NA,NA,6037,NA,2,NA,NA,"",7,33967935,-118301858,5200,NA,NA,NA,NA,NA,"0100",261,"LAR1",60372378.003005,12447,3101,118208,96028,0,NA,NA,NA,1,NA,NA,1930,NA,NA,1e+05,367500,2015,267500,4632.9,"",NA,2.98279179290265e-310
"150",12211521,-0.009,"2016-08-10",8,NA,NA,NA,2,6,NA,7,2,NA,NA,2010,NA,NA,2010,NA,NA,6037,NA,2,NA,NA,"",NA,33953063,-118275618,5200,NA,NA,NA,NA,NA,"0200",246,"LAR2",60372402.002006,12447,3101,268496,95984,0,NA,NA,NA,2,NA,NA,1909,NA,NA,187419,624268,2015,436849,3463.73,"",NA,2.98279297861085e-310
"151",12213369,-0.0408,"2016-02-25",2,NA,NA,NA,4,8,NA,7,4,NA,NA,2490,NA,NA,2490,NA,NA,6037,NA,4,NA,NA,"",NA,33954022,-118255186,4012,NA,NA,NA,NA,NA,"0200",246,"LAC2",60372400.203008,396053,3101,NA,95983,0,NA,NA,NA,2,NA,NA,2005,NA,NA,202976,396772,2015,193796,5296.29,"",NA,2.98279288972854e-310
"152",12228166,-0.2497,"2016-03-30",3,NA,NA,NA,4,6,NA,7,4,NA,NA,1923,NA,NA,1923,NA,NA,6037,NA,4,NA,NA,"",7,33942568,-118271495,5570,NA,NA,NA,NA,NA,"0200",246,"LAR2",60372405.003006,12447,3101,268496,95984,0,NA,NA,NA,1,NA,NA,1922,NA,NA,121828,263095,2015,141267,3648.03,"",NA,2.98279312687995e-310
"153",12229313,0.0198,"2016-12-30",12,NA,NA,NA,2,3,NA,7,2,NA,NA,1332,1332,NA,NA,NA,NA,6037,NA,2,NA,NA,"",7,33938101,-118240236,3125,NA,NA,NA,NA,NA,"0100",261,"LAR2",60372427.001006,12447,3101,118849,96040,0,NA,NA,NA,1,NA,NA,2007,NA,NA,130517,211942,2015,81425,2791.98,"",NA,2.98279421372555e-310
"154",12259819,-0.0429,"2016-12-06",12,1,NA,NA,2,3,NA,7,2,NA,NA,1180,1180,NA,NA,NA,NA,6037,NA,2,NA,NA,"",2,33910380,-118259038,5003,NA,NA,NA,NA,NA,"0100",261,"CORL*",60375412.005008,NA,3101,NA,96040,0,NA,NA,NA,1,NA,NA,1945,NA,NA,106077,302933,2015,196856,5541.2,"Y",14,2.98294169251856e-310
"155",12261052,0.044,"2016-04-19",4,NA,NA,NA,1,3,NA,7,1,NA,NA,1036,1036,NA,NA,NA,NA,6037,NA,1,NA,NA,"",7,33893853,-118252759,6000,NA,NA,NA,NA,NA,"0100",261,"CORL*",60375430.001009,24174,3101,NA,96090,0,NA,NA,NA,1,NA,NA,1947,NA,NA,86913,241163,2015,154250,4481.45,"",NA,2.98294258163915e-310
"156",12275765,0.0926,"2016-07-11",7,1,NA,NA,3,2,NA,7,3,NA,NA,1526,1526,NA,NA,NA,NA,6037,NA,3,NA,NA,"",2,33892881,-118222636,1632,NA,NA,NA,NA,NA,"010D",269,"COCL*",60375425.021005,24174,3101,NA,96090,0,NA,NA,NA,1,NA,NA,1984,NA,NA,83607,120185,2015,36578,2317.21,"",NA,2.98294233559426e-310
"157",12305098,-0.0899,"2016-05-17",5,NA,NA,NA,1,2,NA,7,1,NA,NA,854,854,NA,NA,NA,NA,6037,NA,1,NA,NA,"",7,33952639,-118200999,6002,NA,NA,NA,NA,NA,"0100",261,"SGR3YY",60375357.022004,47762,3101,NA,96125,0,NA,NA,NA,1,NA,NA,1927,NA,NA,57003,136586,2015,79583,2054.77,"",NA,2.98293897599722e-310
"158",12312314,1.105,"2016-06-03",6,NA,NA,NA,1,2,NA,7,1,NA,NA,865,865,NA,NA,NA,NA,6037,NA,1,NA,NA,"",7,33938880,-118191966,5010,NA,NA,NA,NA,NA,"0100",261,"SGR1*",60375359.022005,47762,3101,NA,96125,0,NA,NA,NA,1,NA,NA,1940,NA,NA,55098,226536,2015,171438,3119.59,"",NA,2.9829390748104e-310
"159",12319582,0.008,"2016-08-15",8,NA,NA,NA,1,2,NA,7,1,NA,NA,750,750,NA,NA,NA,NA,6037,NA,1,NA,NA,"",7,33945050,-118151817,8824,NA,NA,NA,NA,NA,"0100",261,"DOR1&HFB*",60375514.011002,4406,3101,NA,96101,0,NA,NA,NA,1,NA,NA,1949,NA,NA,24492,264024,2015,239532,3420.99,"",NA,2.98294673228429e-310
"160",12323804,-0.001,"2016-08-05",8,1,NA,NA,2,2,NA,7,2,NA,NA,764,764,NA,NA,NA,NA,6037,NA,2,NA,NA,"",2,33893500,-118175000,49630,NA,NA,NA,NA,NA,"010E",266,"PARM*",60375538.012003,6395,3101,NA,96220,0,NA,NA,NA,1,NA,NA,1987,NA,NA,70463,88070,2015,17607,1347.89,"",NA,2.9829479180913e-310
"161",12325061,-0.0284,"2016-09-26",9,1,NA,NA,2,2,NA,4,2,NA,NA,826,826,NA,NA,NA,NA,6037,NA,2,NA,NA,"",2,33898700,-118172000,84307,NA,NA,NA,NA,NA,"010C",266,"PARM*",60375536.011003,6395,3101,NA,96220,0,NA,NA,NA,1,NA,NA,1989,NA,NA,88498,110622,2015,22124,1608.61,"",NA,2.98294781922876e-310
"162",12333030,0.1914,"2016-08-05",8,NA,NA,NA,1,2,NA,4,1,NA,NA,771,771,NA,NA,NA,NA,6037,NA,1,NA,NA,"",2,33937400,-118132000,72254,NA,NA,NA,NA,NA,"010C",266,"DOHM*",60375513.002005,4406,3101,NA,96101,0,NA,NA,NA,1,NA,NA,1987,NA,NA,87700,160000,2015,72300,2269.96,"",NA,2.98294668243322e-310
"163",12365781,0.392,"2016-09-02",9,NA,NA,NA,2,3,NA,7,2,NA,NA,1723,1723,NA,NA,NA,NA,6037,NA,2,NA,NA,"",7,33972947,-118184505,5589,NA,NA,NA,NA,NA,"0100",261,"BLR1YY",60375338.032007,30399,3101,NA,96083,0,NA,NA,NA,1,NA,NA,1939,NA,NA,150293,283438,2015,133145,4702.21,"",NA,2.98293803776671e-310
"164",12366003,-0.0502,"2016-09-09",9,NA,NA,NA,1,2,NA,7,1,NA,NA,1387,1387,NA,NA,NA,NA,6037,NA,1,NA,NA,"",7,33971613,-118178892,6410,NA,NA,NA,NA,NA,"0100",261,"BLR3YY",60375338.042009,30399,3101,NA,96083,0,NA,NA,NA,1,NA,NA,1939,NA,NA,29551,50334,2015,20783,1280.53,"",NA,2.98293803826088e-310
"165",12374556,0.1947,"2016-02-29",2,NA,NA,NA,4,5,NA,7,4,NA,NA,2579,NA,NA,2579,NA,NA,6037,NA,4,NA,NA,"",NA,34019351,-118140918,7481,NA,NA,NA,NA,NA,"0400",248,"LCR35000*",60375318.002003,17882,3101,NA,96003,0,NA,NA,NA,4,NA,NA,1930,NA,NA,101828,197048,2015,95220,4110.77,"",NA,2.98293704815303e-310
"166",12381742,-0.0161,"2016-03-17",3,NA,NA,NA,2,3,NA,7,2,NA,NA,1675,1675,NA,NA,NA,NA,6037,NA,2,NA,NA,"",7,33985261,-118117950,13202,NA,NA,NA,NA,NA,"0100",261,"MNR1YY",60375322.003009,25953,3101,NA,96192,0,NA,NA,NA,1,NA,NA,1942,NA,NA,122397,428391,2015,305994,6356.69,"",NA,2.98293724582899e-310
"167",12396136,0.47,"2016-01-29",1,NA,NA,NA,4,4,NA,4,4,NA,NA,2621,2621,NA,NA,NA,NA,6037,NA,4,NA,NA,"",2,33975189,-118084762,8430,1,NA,NA,NA,1,"0101",261,"PRSF*",60375024.021003,26483,3101,NA,96197,0,NA,NA,NA,1,NA,NA,1957,NA,NA,254995,484490,2015,229495,6240.6,"",NA,2.98292252356176e-310
"168",12397005,-0.0171,"2016-12-14",12,NA,NA,NA,2,5,NA,7,2,NA,NA,1185,1185,NA,NA,NA,NA,6037,NA,2,NA,NA,"",7,33968676,-118091671,5283,NA,NA,NA,NA,NA,"0100",261,"PRSF*",60375024.02301,26483,3101,NA,96197,0,NA,NA,NA,1,NA,NA,1953,NA,NA,145041,407991,2015,262950,5288.17,"",NA,2.98292252366092e-310
"169",12399215,0.063,"2016-10-12",10,NA,NA,NA,1,3,NA,7,1,NA,NA,1038,1038,NA,NA,NA,NA,6037,NA,1,NA,NA,"",7,33957535,-118101220,10515,NA,NA,NA,NA,NA,"0100",261,"PRSF*",60375026.023006,26483,3101,NA,96197,0,NA,NA,NA,1,NA,NA,1946,NA,NA,92326,197923,2015,105597,2822.87,"",NA,2.98292262247385e-310
"170",12423997,-0.0502,"2016-09-02",9,NA,NA,NA,2,4,NA,7,2,NA,NA,1658,1658,NA,NA,NA,NA,6037,NA,2,NA,NA,"",2,33854191,-118064816,5046,NA,NA,NA,NA,NA,"0100",261,"CERS5000",60375545.161012,10774,3101,NA,96206,0,NA,NA,NA,1,NA,NA,1970,NA,NA,102827,135547,2015,32720,1767.21,"",NA,2.98294827129927e-310
"171",12425118,-0.0325,"2016-03-10",3,NA,NA,NA,2,4,NA,7,2,NA,NA,1550,1550,NA,NA,NA,NA,6037,NA,2,NA,NA,"",2,33850965,-118074880,5184,NA,NA,NA,NA,NA,"0100",261,"CERS5000",60375545.15201,10774,3101,NA,96206,0,NA,NA,NA,1,NA,NA,1971,NA,NA,125248,385954,2015,260706,4513.39,"",NA,2.98294827085452e-310
"172",12428562,0.0149,"2016-01-06",1,NA,NA,NA,1,3,NA,7,1,NA,NA,1003,1003,NA,NA,NA,NA,6037,NA,1,NA,NA,"",7,33838961,-118082456,4801,NA,NA,NA,NA,NA,"0100",261,"LKMFR*",60375550.014013,12292,3101,NA,96215,0,NA,NA,NA,1,NA,NA,1947,NA,NA,59674,235146,2015,175472,2912.92,"",NA,2.98294851106938e-310
"173",12435372,-0.004,"2016-10-04",10,1,NA,NA,2,3,NA,4,2,NA,NA,1360,1360,NA,NA,NA,NA,6037,NA,2,NA,NA,"",2,33827538,-118104385,5099,NA,NA,NA,NA,NA,"0100",261,"LBR1N",60375737.001008,46298,3101,276606,96242,0,NA,NA,NA,1,NA,NA,1953,NA,NA,155454,498995,2015,343541,6045.89,"",NA,2.98295774945443e-310
"174",12435841,0.0742,"2016-07-05",7,NA,NA,NA,1,3,NA,7,1,NA,NA,1218,1218,NA,NA,NA,NA,6037,NA,1,NA,NA,"",7,33826929,-118098990,5095,1,NA,NA,NA,1,"0101",261,"LBR1N",60375738.004,46298,3101,276606,96242,0,NA,NA,NA,1,NA,NA,1953,NA,NA,62184,159498,2015,97314,2054,"",NA,2.98295779900882e-310
"175",12446915,-0.0182,"2016-08-22",8,NA,NA,NA,2,1,NA,NA,2,NA,NA,2013,NA,NA,2013,NA,NA,6037,NA,2,NA,NA,"",NA,33874888,-118172871,4150,NA,NA,NA,NA,NA,"0200",246,"LBCCA",60375702.022016,46298,3101,276476,96239,0,NA,NA,NA,2,NA,NA,1930,NA,NA,120869,208067,2015,87198,2866.36,"",NA,2.9829560212626e-310
"176",12456430,0,"2016-06-10",6,NA,NA,NA,2,4,NA,7,2,NA,NA,1444,1444,NA,NA,NA,NA,6037,NA,2,NA,NA,"",7,33848433,-118174227,5462,NA,NA,NA,NA,NA,"0100",261,"LBR1N",60375715.03101,46298,3101,272968,96241,0,NA,NA,NA,1,NA,NA,1942,NA,NA,31392,60542,2015,29150,896.85,"",NA,2.9829566639923e-310
"177",12460417,0.0363,"2016-04-15",4,NA,NA,NA,3,4,NA,8,3,NA,NA,2555,2555,NA,NA,NA,NA,6037,NA,3,NA,NA,"",NA,33844245,-118176027,7236,NA,NA,NA,NA,NA,"0100",261,"LBR1N",60375715.021004,46298,3101,272968,96241,0,NA,NA,NA,1,NA,NA,1950,NA,NA,275000,713000,2015,438000,9661.34,"",NA,2.98295666349794e-310
"178",12462848,0.0247,"2016-02-18",2,1,NA,NA,2,3,NA,4,2,NA,NA,2279,2279,NA,NA,NA,NA,6037,NA,2,NA,NA,"",2,33834743,-118178734,11029,NA,NA,NA,NA,NA,"0100",261,"LBR1N",60375719.002008,46298,3101,272969,96241,0,NA,NA,NA,1,NA,NA,1950,NA,NA,178681,446713,2015,268032,5491.45,"",NA,2.98295686018567e-310
"179",12473295,-0.006,"2016-07-29",7,NA,NA,NA,1,2,NA,7,1,NA,NA,1530,1530,NA,NA,NA,NA,6037,NA,1,NA,NA,"",7,33854215,-118151144,6127,1,NA,NA,NA,1,"0101",261,"LKR1*",60375707.015004,12292,3101,NA,96212,0,NA,NA,NA,1,NA,NA,1952,NA,NA,98110,329098,2015,230988,4218.61,"",NA,2.98295626794898e-310
"180",12473624,-0.0377,"2016-04-28",4,NA,NA,NA,1,2,NA,7,1,NA,NA,873,873,NA,NA,NA,NA,6037,NA,1,NA,NA,"",2,33857400,-118163000,172790,1,NA,NA,NA,1,"010C",266,"LBR4R",60375706.032,46298,3101,276476,96239,0,NA,NA,NA,1,NA,NA,1969,NA,NA,41400,140000,2015,98600,2234.92,"",NA,2.98295621938213e-310
"181",12481222,0.0363,"2016-05-12",5,1,NA,NA,2,3,NA,7,2,NA,NA,1371,1371,NA,NA,NA,NA,6037,NA,2,NA,NA,"",2,33865821,-118139784,5454,NA,NA,NA,NA,NA,"0100",261,"LKR1YY",60375700.033,12292,3101,NA,96212,0,NA,NA,NA,1,NA,NA,1944,NA,NA,92416,192216,2015,99800,2499.13,"",NA,2.98295592299215e-310
"182",12490615,-0.0274,"2016-10-28",10,NA,NA,NA,2,2,NA,7,2,NA,NA,1628,1628,NA,NA,NA,NA,6037,NA,2,NA,NA,"",7,33835861,-118132282,6913,NA,NA,NA,NA,NA,"0100",261,"LBR1N",60375712.003005,46298,3101,274262,96242,0,NA,NA,NA,1,NA,NA,1953,NA,NA,105522,145074,2015,39552,1911.81,"",NA,2.98295651438898e-310
"183",12493241,-0.001,"2016-07-06",7,NA,NA,NA,1,2,NA,7,1,NA,NA,907,907,NA,NA,NA,NA,6037,NA,1,NA,NA,"",7,33823790,-118109367,5022,NA,NA,NA,NA,NA,"0100",261,"LBR1N",60375737.004007,46298,3101,276606,96242,0,NA,NA,NA,1,NA,NA,1950,NA,NA,75002,375015,2015,300013,4570.26,"",NA,2.9829577496026e-310
"184",12494110,-0.0305,"2016-07-12",7,NA,NA,NA,1,3,NA,7,1,NA,NA,1008,1008,NA,NA,NA,NA,6037,NA,1,NA,NA,"",7,33822064,-118119181,5565,NA,NA,NA,NA,NA,"0100",261,"LBR1N",60375736.019,46298,3101,273263,96242,0,NA,NA,NA,1,NA,NA,1949,NA,NA,99453,497272,2015,397819,6094,"",NA,2.98295770093678e-310
"185",12494625,-0.0263,"2016-08-19",8,NA,NA,NA,1,3,NA,7,1,NA,NA,1120,1120,NA,NA,NA,NA,6037,NA,1,NA,NA,"",7,33822731,-118127791,5987,NA,NA,NA,NA,NA,"0100",261,"LBR1N",60375736.012007,46298,3101,273263,96242,0,NA,NA,NA,1,NA,NA,1947,NA,NA,71081,307036,2015,235955,3720.72,"",NA,2.98295770059128e-310
"186",12499125,-0.0151,"2016-07-06",7,1,NA,NA,2,2,NA,4,2,NA,NA,834,834,NA,NA,NA,NA,6037,NA,2,NA,NA,"",2,33819200,-118204000,94331,1,NA,NA,NA,1,"010C",266,"LBR4R",60375721.001013,46298,3101,276157,96240,0,NA,NA,NA,1,NA,NA,1985,NA,NA,124902,187344,2015,62442,2386.72,"",NA,2.98295695894964e-310
"187",12519421,-0.001,"2016-09-30",9,NA,NA,NA,2,3,NA,7,2,NA,NA,1191,1191,NA,NA,NA,NA,6037,NA,2,NA,NA,"",7,33808900,-118080000,521135,NA,NA,NA,NA,NA,"010C",266,"LBR4R",60375739.021017,46298,3101,416307,96247,0,NA,NA,NA,1,NA,NA,1974,NA,NA,122694,282176,2015,159482,4804.69,"",NA,2.98295784925613e-310
"188",12522767,0.0908,"2016-01-31",1,1,NA,NA,3,2,NA,4,3,NA,NA,2074,2074,NA,NA,NA,NA,6037,NA,3,NA,NA,"",2,33775671,-118109150,170455,1,NA,NA,NA,1,"010C",266,"LBPD1",60375746.021003,46298,3101,416318,96247,0,NA,NA,NA,1,NA,NA,1981,NA,NA,409723,590482,2015,180759,7191.55,"",NA,2.98295819510144e-310
"189",12531384,0.1275,"2016-05-02",5,NA,NA,NA,1,3,NA,7,1,NA,NA,1144,1144,NA,NA,NA,NA,6037,NA,1,NA,NA,"",7,33764046,-118126949,6435,NA,NA,NA,NA,NA,"0100",261,"LBR1S",60375776.035023,46298,3101,416316,96237,0,NA,NA,NA,1,NA,NA,1944,NA,NA,14658,73790,2015,59132,1043.18,"",NA,2.98295967799101e-310
"190",12535652,0,"2016-01-21",1,NA,NA,NA,4,2,NA,7,4,NA,NA,2536,NA,NA,2536,NA,NA,6037,NA,4,NA,NA,"",NA,33771944,-118143987,6780,NA,NA,NA,NA,NA,"0400",248,"LBCNR",60375771.001011,46298,3101,272933,96246,0,NA,NA,NA,4,NA,NA,1931,NA,NA,190482,474653,2015,284171,6157.22,"",NA,2.98295942927777e-310
"191",12541129,-0.0263,"2016-08-16",8,NA,NA,NA,2,2,NA,4,2,NA,NA,842,842,NA,NA,NA,NA,6037,NA,2,NA,NA,"",2,33786600,-118162000,38665,NA,NA,NA,NA,NA,"010C",266,"LBR2N",60375751.012006,46298,3101,416315,96238,0,NA,NA,NA,1,NA,NA,1988,NA,NA,60128,137544,2015,77416,1714.49,"",NA,2.9829584416897e-310
"192",12541789,-0.137,"2016-08-11",8,NA,NA,NA,4,2,NA,7,4,NA,NA,1808,NA,NA,1808,NA,NA,6037,NA,4,NA,NA,"",NA,33781712,-118162707,6497,NA,NA,NA,NA,NA,"0400",248,"LBR2N",60375769.013002,46298,3101,273567,96238,0,NA,NA,NA,4,NA,NA,1922,NA,NA,130144,274749,2015,144605,3777.53,"",NA,2.98295933105708e-310
"193",12560909,-0.0481,"2016-04-12",4,NA,NA,NA,2,4,NA,7,2,NA,NA,1175,NA,NA,1175,NA,NA,6037,NA,2,NA,NA,"",NA,33773366,-118181699,2222,NA,NA,NA,NA,NA,"0200",246,"LBPD30",60375762.001017,46298,3101,416306,96236,0,NA,NA,NA,2,NA,NA,1912,NA,NA,75384,347934,2015,272550,4359.87,"",NA,2.98295898461899e-310
"194",12580880,0.0871,"2016-05-09",5,NA,NA,NA,2,2,NA,7,2,NA,NA,736,736,NA,NA,NA,NA,6037,NA,2,NA,NA,"",7,33811360,-118266113,462575,NA,NA,NA,NA,NA,"010C",266,"CARM12U&D*",60375437.022018,10723,3101,NA,96229,0,NA,NA,NA,1,NA,NA,1944,NA,NA,75180,125121,2015,49941,1858.49,"",NA,2.98294292852313e-310
"195",12616619,-0.002,"2016-01-20",1,NA,NA,NA,1,2,NA,7,1,NA,NA,1090,1090,NA,NA,NA,NA,6037,NA,1,NA,NA,"",2,33847193,-118252809,5218,NA,NA,NA,NA,NA,"0100",261,"CARS*",60375433.223012,10723,3101,NA,96230,0,NA,NA,NA,1,NA,NA,1971,NA,NA,66400,333000,2015,266600,4586,"",NA,2.98294274082725e-310
"196",12621002,0.01,"2016-05-23",5,NA,NA,NA,1,1,NA,4,1,NA,NA,593,593,NA,NA,NA,NA,6037,NA,1,NA,NA,"",2,33812400,-118289000,296211,NA,NA,NA,NA,NA,"010E",266,"LCRPD50003",60375436.023007,118878,3101,NA,96160,0,NA,NA,NA,1,NA,NA,1973,NA,NA,52169,65206,2015,13037,1128.73,"",NA,2.98294287916627e-310
"197",12621525,-0.0336,"2016-12-23",12,NA,NA,NA,3,4,NA,4,3,NA,NA,2082,2082,NA,NA,NA,NA,6037,NA,3,NA,NA,"",2,33808201,-118291197,5470,1,NA,NA,NA,1,"0101",261,"LCR1*",60375436.032006,118878,3101,NA,96210,0,NA,NA,NA,1,NA,NA,1969,NA,NA,140393,216707,2015,76314,2973.55,"",NA,2.98294287960999e-310
"198",12644031,-0.0481,"2016-07-08",7,NA,NA,NA,3,4,NA,4,3,NA,NA,2424,2424,NA,NA,NA,NA,6037,NA,3,NA,NA,"",2,33753449,-118298418,8708,NA,NA,NA,NA,NA,"0100",261,"LAR1",60372963.001009,12447,3101,54300,96222,0,NA,NA,NA,1,NA,NA,1978,NA,NA,184681,251364,2015,66683,3241.8,"",NA,2.98282069564432e-310
"199",12644945,0.6318,"2016-06-30",6,NA,NA,NA,1,2,NA,7,1,NA,NA,920,920,NA,NA,NA,NA,6037,NA,1,NA,NA,"",7,33749773,-118296746,4807,NA,NA,NA,NA,NA,"0100",261,"LAR1",60372965.00301,12447,3101,54300,96221,0,NA,NA,NA,1,NA,NA,1953,NA,NA,87430,437159,2015,349729,5398.3,"",NA,2.98282079455631e-310
"200",12656499,-0.0171,"2016-06-30",6,NA,NA,NA,3,3,NA,4,3,NA,NA,1556,1556,NA,NA,NA,NA,6037,NA,3,NA,NA,"",2,33707200,-118291000,10902,NA,NA,NA,NA,NA,"010C",266,"LAR2",60372976.011003,12447,3101,54300,96221,0,NA,NA,NA,1,NA,NA,1987,NA,NA,222852,430335,2015,207483,5353.17,"",NA,2.98282133842343e-310
"201",12658254,-0.4764,"2016-02-03",2,NA,NA,NA,4,4,NA,10,4,NA,NA,2422,NA,NA,2422,NA,NA,6037,NA,4,NA,NA,"",7,33341610,-118323920,5137,NA,NA,NA,NA,NA,"0200",246,"AVR2*",60375990.001001,3491,3101,NA,96207,0,NA,NA,NA,2,NA,NA,1961,NA,NA,688666,1008244,2015,319578,14953.84,"",NA,2.98297024931492e-310
"202",12658839,0.1798,"2016-09-23",9,NA,NA,NA,0,0,NA,7,NA,NA,NA,646,NA,NA,646,NA,NA,6037,NA,NA,NA,NA,"",NA,33341389,-118326914,976,NA,NA,NA,NA,NA,"0200",246,"AVR3*",60375990.003011,3491,3101,NA,96207,0,NA,NA,NA,2,NA,NA,1920,NA,NA,94635,556004,2015,461369,9585.12,"",NA,2.98297024941423e-310
"203",12661447,-0.0131,"2016-10-05",10,NA,NA,NA,2,2,NA,4,2,NA,NA,1618,1618,NA,NA,NA,NA,6037,NA,2,NA,NA,"",2,33842800,-118390000,146730,NA,NA,NA,NA,NA,"010C",266,"RBCI*",60376212.041004,33612,3101,NA,96123,0,NA,NA,NA,1,NA,NA,1978,NA,NA,184154,387140,2015,202986,4549.96,"",NA,2.98298121954867e-310
"204",12661931,-0.0534,"2016-09-02",9,1,NA,NA,3,3,NA,4,3,NA,NA,2143,2143,NA,NA,NA,NA,6037,NA,3,NA,NA,"",2,33843800,-118381000,12141,NA,NA,NA,NA,NA,"010C",266,"RBR-3",60376212.012008,33612,3101,NA,96123,0,NA,NA,NA,1,NA,NA,1987,NA,NA,278800,920231,2015,641431,11057.71,"",NA,2.98298121811608e-310
"205",12675403,0.1638,"2016-08-26",8,NA,NA,NA,1,3,NA,7,1,NA,NA,1120,1120,NA,NA,NA,NA,6037,NA,1,NA,NA,"",7,33856157,-118367170,5400,NA,NA,NA,NA,NA,"0100",261,"TORR-LO",60376505.021005,54722,3101,275994,96161,0,NA,NA,NA,1,NA,NA,1954,NA,NA,24050,83591,2015,59541,1215.83,"",NA,2.98299569468401e-310
"206",12690337,0.1133,"2016-03-24",3,NA,NA,NA,4,5,NA,10,4,NA,NA,4349,4349,NA,NA,NA,NA,6037,NA,4,NA,NA,"",2,33794629,-118375154,21809,NA,NA,NA,NA,NA,"0100",261,"RPRS20000&",60376704.112,54053,3101,NA,96122,0,NA,NA,NA,1,NA,NA,1981,NA,NA,548883,2290721,2015,1741838,25665.84,"",NA,2.98300553108611e-310
"207",12709722,-0.0202,"2016-05-27",5,NA,NA,NA,2,4,NA,4,2,NA,NA,1617,1617,NA,NA,NA,NA,6037,NA,2,NA,NA,"",2,33768869,-118401962,9004,NA,NA,NA,NA,NA,"0100",261,"RPRS10000*",60376704.132008,54053,3101,NA,96122,0,NA,NA,NA,1,NA,NA,1963,NA,NA,127565,637852,2015,510287,7715.09,"",NA,2.98300553207464e-310
"208",12713256,-0.0233,"2016-05-18",5,NA,NA,NA,3,4,NA,4,3,NA,NA,3308,3308,NA,NA,NA,NA,6037,NA,3,NA,NA,"",2,33769870,-118363371,8825,NA,NA,NA,NA,NA,"0100",261,"RPRS10000*",60376704.031017,33727,3101,NA,96122,0,NA,NA,NA,1,NA,NA,1967,NA,NA,390601,951534,2015,560933,13443.23,"",NA,2.98300552708502e-310
"209",12732165,0.0276,"2016-02-25",2,1,NA,NA,3,4,NA,4,3,NA,NA,2016,2016,NA,NA,NA,NA,6037,NA,3,NA,NA,"",2,33919200,-117995000,3098,NA,NA,NA,NA,NA,"010D",269,"LMUD*",60375036.021,5465,3101,NA,96190,0,NA,NA,NA,1,NA,NA,1971,NA,NA,199611,349057,2015,149446,4314.19,"",NA,2.98292311644039e-310
"210",12741139,-0.008,"2016-04-29",4,NA,NA,NA,2,5,NA,7,2,NA,NA,1472,1472,NA,NA,NA,NA,6037,NA,2,NA,NA,"",2,33914868,-118059881,119976,NA,NA,NA,NA,NA,"010C",266,"NOR3*",60375523.012007,53636,3101,NA,96193,0,NA,NA,NA,1,NA,NA,1964,NA,NA,99000,272000,2015,173000,3917.94,"",NA,2.98294717699303e-310
"211",12752141,-0.0161,"2016-05-02",5,NA,NA,NA,2,4,NA,7,2,NA,NA,1439,1439,NA,NA,NA,NA,6037,NA,2,NA,NA,"",2,33902073,-118004361,12845,1,NA,NA,NA,1,"0101",261,"LMR1*",60375038.023001,5465,3101,NA,96190,0,NA,NA,NA,1,NA,NA,1957,NA,NA,124670,262612,2015,137942,3529.72,"",NA,2.98292321535238e-310
"212",12755124,-0.0182,"2016-10-12",10,NA,NA,NA,1,3,NA,7,1,NA,NA,1073,1073,NA,NA,NA,NA,6037,NA,1,NA,NA,"",7,33896005,-118075667,6633,NA,NA,NA,NA,NA,"0100",261,"NOR1YY",60375527.004006,53636,3101,NA,96193,0,NA,NA,NA,1,NA,NA,1948,NA,NA,23225,41353,2015,18128,925.96,"",NA,2.98294737422398e-310
"213",12792459,-0.0233,"2016-09-15",9,NA,NA,NA,2,4,NA,7,2,NA,NA,1376,1376,NA,NA,NA,NA,6037,NA,2,NA,NA,"",2,33932434,-118020594,5667,NA,NA,NA,NA,NA,"0100",261,"LCRA06",60375032.011,118225,3101,NA,96172,0,NA,NA,NA,1,NA,NA,1954,NA,NA,34653,65225,2015,30572,1175.45,"",NA,2.98292291832006e-310
"214",12803247,0.0917,"2016-08-04",8,NA,NA,NA,3,4,NA,7,3,NA,NA,1624,1624,NA,NA,NA,NA,6037,NA,3,NA,NA,"",7,33978143,-118054795,5145,NA,NA,NA,NA,NA,"0100",261,"LCRAYY",60375021.003011,396556,3101,NA,96174,0,NA,NA,NA,1,NA,NA,1953,NA,NA,128937,286754,2015,157817,3733.86,"",NA,2.98292237445315e-310
"215",12825462,0.0247,"2016-09-22",9,NA,NA,NA,2,3,NA,7,2,NA,NA,1195,1195,NA,NA,NA,NA,6037,NA,2,NA,NA,"",7,33932434,-118001658,6313,NA,NA,NA,NA,NA,"0100",261,"LCRA06",60375035.022,118225,3101,NA,96172,0,NA,NA,NA,1,NA,NA,1954,NA,NA,30572,61561,2015,30989,1127.71,"",NA,2.98292306708323e-310
"216",12835748,0.0188,"2016-09-26",9,1,NA,NA,1,3,NA,7,1,NA,NA,1183,1183,NA,NA,NA,NA,6037,NA,1,NA,NA,"",2,34022694,-117948513,7607,NA,NA,NA,NA,NA,"0100",261,"LPR1YY",60374077.023023,39306,3101,NA,96488,0,NA,NA,NA,1,NA,NA,1936,NA,NA,129598,360113,2015,230515,4380.95,"",NA,2.9828757356449e-310
"217",12845930,0.0421,"2016-11-13",11,NA,NA,NA,3,3,NA,4,3,NA,NA,2596,2596,NA,NA,NA,NA,6037,NA,3,NA,NA,"",2,33947080,-117929096,20602,NA,NA,NA,NA,NA,"0100",261,"LHRA20000*",60374087.031039,18875,3101,NA,96186,0,NA,NA,NA,1,NA,NA,1963,NA,NA,235000,740000,2015,505000,9121.92,"",NA,2.98287623010659e-310
"218",12856288,0.0354,"2016-05-25",5,1,NA,NA,3,4,NA,4,3,NA,NA,2366,2366,NA,NA,NA,NA,6037,NA,3,NA,NA,"",2,33975428,-117985075,13397,NA,NA,NA,NA,NA,"0100",261,"LCR115000*",60375016.001041,NA,3101,NA,96489,0,NA,NA,NA,1,NA,NA,1984,NA,NA,256412,385143,2015,128731,4728.67,"",NA,2.98292212732299e-310
"219",12860873,-0.0325,"2016-01-06",1,1,NA,NA,3,2,NA,4,3,NA,NA,1283,1283,NA,NA,NA,NA,6037,NA,3,NA,NA,"",2,33999800,-117818000,70159,NA,NA,NA,NA,NA,"010C",266,"LCRPD80009",60374033.233012,24384,3101,NA,96505,0,NA,NA,NA,1,NA,NA,1986,NA,NA,201272,260408,2015,59136,3314.58,"",NA,2.9828735721309e-310
"220",12869998,0.0109,"2016-04-28",4,NA,NA,NA,1,3,NA,7,1,NA,NA,1288,1288,NA,NA,NA,NA,6037,NA,1,NA,NA,"",7,34089067,-117710186,5866,NA,NA,NA,NA,NA,"0100",261,"CLRS8000*",60374020.023023,30908,3101,214079,96469,0,NA,NA,NA,1,NA,NA,1952,NA,NA,41999,51559,2015,9560,5809.46,"",NA,2.98287291947072e-310
"221",12875159,-0.0325,"2016-08-01",8,NA,NA,NA,2,3,NA,7,2,NA,NA,1356,1356,NA,NA,NA,NA,6037,NA,2,NA,NA,"",7,34064525,-117733932,6661,NA,NA,NA,NA,NA,"0100",261,"POR106",60374027.024005,20008,3101,NA,96507,0,NA,NA,NA,1,NA,NA,1950,NA,NA,105601,238789,2015,133188,3139.91,"",NA,2.98287326536519e-310
"222",12879562,0.0334,"2016-08-18",8,NA,NA,NA,1,3,NA,7,1,NA,NA,1311,1311,NA,NA,NA,NA,6037,NA,1,NA,NA,"",7,34025743,-117744408,7433,NA,NA,NA,NA,NA,"0100",261,"POR17200*",60374029.022007,20008,3101,NA,96506,0,NA,NA,NA,1,NA,NA,1959,NA,NA,136900,309000,2015,172100,4643.1,"",NA,2.98287336407961e-310
"223",12892677,-0.0651,"2016-06-03",6,NA,NA,NA,3,3,NA,4,3,NA,NA,2614,2614,NA,NA,NA,NA,6037,NA,3,NA,NA,"",7,34076140,-117763607,11576,NA,NA,NA,NA,NA,"0100",261,"POR110000*",60374022.003021,20008,3101,NA,96508,0,NA,NA,NA,1,NA,NA,1928,NA,NA,203690,413091,2015,209401,5293.05,"Y",14,2.98287301729562e-310
"224",12896017,-0.0274,"2016-09-30",9,1,NA,NA,2,2,NA,7,2,NA,NA,847,847,NA,NA,NA,NA,6037,NA,2,NA,NA,"",2,34103100,-117749000,95936,1,NA,NA,NA,1,"010C",266,"POR32000-S",60374017.032,20008,3101,NA,96507,0,NA,NA,NA,1,NA,NA,1980,NA,NA,91269,114081,2015,22812,1498.05,"",NA,2.9828727716947e-310
"225",12903469,-0.0346,"2016-09-23",9,NA,NA,NA,3,4,NA,4,3,NA,NA,1758,1758,NA,NA,NA,NA,6037,NA,3,NA,NA,"",2,34095456,-117828196,4895,NA,NA,NA,NA,NA,"0100",261,"SDR110000R",60374013.122011,33836,3101,NA,96513,0,NA,NA,NA,1,NA,NA,1976,NA,NA,174785,338015,2015,163230,4244.7,"",NA,2.98287257851543e-310
"226",12914976,-0.0222,"2016-07-20",7,1,NA,NA,2,4,NA,7,2,NA,NA,1104,1104,NA,NA,NA,NA,6037,NA,2,NA,NA,"",2,34106663,-117914581,7577,1,NA,NA,NA,1,"0101",261,"LCA106",60374058.002002,24245,3101,NA,96473,0,NA,NA,NA,1,NA,NA,1954,NA,NA,116775,194619,2015,77844,2579.31,"",NA,2.9828747958816e-310
"227",12933322,0.0139,"2016-07-26",7,1,NA,NA,2,3,NA,4,2,NA,NA,1970,1970,NA,NA,NA,NA,6037,NA,2,NA,NA,"",2,34076150,-117868569,10182,NA,NA,NA,NA,NA,"0100",261,"CVR110000*",60374036.002004,24245,3101,NA,96475,0,NA,NA,NA,1,NA,NA,1977,NA,NA,129873,167914,2015,38041,2355.45,"",NA,2.98287370893728e-310
"228",12940416,0.0459,"2016-12-26",12,NA,NA,NA,2,3,NA,7,2,NA,NA,1709,1709,NA,NA,NA,NA,6037,NA,2,NA,NA,"",2,34068148,-117957659,7635,NA,NA,NA,NA,NA,"0100",261,"WCR1*",60374068.003001,14542,3101,NA,96523,0,NA,NA,NA,1,NA,NA,1956,NA,NA,124100,484000,2015,359900,5606.12,"",NA,2.9828752899966e-310
"229",12944415,-0.0481,"2016-02-17",2,NA,NA,NA,2,3,NA,7,2,NA,NA,1232,1232,NA,NA,NA,NA,6037,NA,2,NA,NA,"",2,34068150,-117943222,7417,NA,NA,NA,NA,NA,"0100",261,"WCR1*",60374067.021013,14542,3101,NA,96523,0,NA,NA,NA,1,NA,NA,1954,NA,NA,80549,392016,2015,311467,4583.18,"",NA,2.98287524147995e-310
"230",12954578,0.0218,"2016-04-26",4,1,NA,NA,2,3,NA,4,2,NA,NA,1513,1513,NA,NA,NA,NA,6037,NA,2,NA,NA,"",2,34053590,-117910911,9147,NA,NA,NA,NA,NA,"0100",261,"WCR1YY",60374066.012002,14542,3101,NA,96524,0,NA,NA,NA,1,NA,NA,1957,NA,NA,164859,356051,2015,191192,4210.87,"",NA,2.98287519162818e-310
"231",12967897,0.0334,"2016-01-28",1,NA,NA,NA,1,3,NA,7,1,NA,NA,1415,1415,NA,NA,NA,NA,6037,NA,1,NA,NA,"",7,34157813,-118006054,7924,NA,NA,NA,NA,NA,"0100",261,"MORL*",60374303.011011,32923,3101,NA,96273,0,NA,NA,NA,1,NA,NA,1925,NA,NA,25681,61362,2015,35681,1143.38,"",NA,2.98288690093503e-310
"232",12986605,0.0583,"2016-06-23",6,1,NA,NA,3,3,NA,7,3,NA,NA,1342,1342,NA,NA,NA,NA,6037,NA,3,NA,NA,"",2,34071400,-117980000,85517,NA,NA,NA,NA,NA,"010C",266,"BPR3*",60374047.023004,10241,3101,NA,96465,0,NA,NA,NA,1,NA,NA,1983,NA,NA,140817,239847,2015,99030,3126.33,"",NA,2.98287425344703e-310
"233",13007675,-0.1462,"2016-04-12",4,NA,NA,NA,1,2,NA,7,1,NA,NA,972,972,NA,NA,NA,NA,6037,NA,1,NA,NA,"",7,34100666,-118065026,8023,NA,NA,NA,NA,NA,"0100",261,"TCR105",60374320.006003,14111,3101,NA,96517,0,NA,NA,NA,1,NA,NA,1924,NA,NA,93673,291963,2015,198290,3625.27,"",NA,2.9828877405992e-310
"234",13016363,0.002,"2016-04-28",4,NA,NA,NA,2,4,NA,4,2,NA,NA,1398,1398,NA,NA,NA,NA,6037,NA,2,NA,NA,"",2,34147920,-117937830,7424,1,NA,NA,NA,1,"0101",261,"DUR17500*",60374300.034,24435,3101,NA,96270,0,NA,NA,NA,1,NA,NA,1956,NA,NA,52405,69719,2015,17314,1281.24,"",NA,2.98288675385114e-310
"235",13018949,0.0286,"2016-06-15",6,NA,NA,NA,1,3,NA,7,1,NA,NA,1486,1486,NA,NA,NA,NA,6037,NA,1,NA,NA,"",7,34120304,-117909659,8190,NA,NA,NA,NA,NA,"0100",261,"AZR1C*",60374044.022011,37015,3101,NA,96464,0,NA,NA,NA,1,NA,NA,1947,NA,NA,50996,73410,2015,22414,1118.2,"",NA,2.98287410517827e-310
"236",13024330,0.0188,"2016-04-01",4,NA,NA,NA,1,3,NA,7,1,NA,NA,1310,1310,NA,NA,NA,NA,6037,NA,1,NA,NA,"",7,34114799,-117891737,6110,1,NA,NA,NA,1,"0101",261,"LCRA6000*",60374041.002,37015,3101,NA,96464,0,NA,NA,NA,1,NA,NA,1954,NA,NA,94511,215903,2015,121392,2910.95,"",NA,2.9828739559699e-310
"237",13025052,0.0714,"2016-09-15",9,1,NA,NA,3,2,NA,4,3,NA,NA,1204,1204,NA,NA,NA,NA,6037,NA,3,NA,NA,"",2,34129100,-117896000,136124,NA,NA,NA,NA,NA,"010C",266,"AZR3B*",60374042.012,37015,3101,NA,96464,0,NA,NA,NA,1,NA,NA,1979,NA,NA,130536,168636,2015,38100,2153.79,"",NA,2.98287400587053e-310
"238",13025650,-0.002,"2016-05-27",5,1,NA,NA,2,2,NA,4,2,NA,NA,951,951,NA,NA,NA,NA,6037,NA,2,NA,NA,"",2,34134410,-117890959,114401,1,NA,NA,NA,1,"010C",266,"AZR3A*",60374008.001087,37015,3101,NA,96464,0,NA,NA,NA,1,NA,NA,1974,NA,NA,81968,225412,2015,143444,2803.73,"",NA,2.98287232550708e-310
"239",17073783,0.0953,"2016-01-27",1,NA,NA,NA,2.5,3,NA,NA,2.5,NA,548,1264,1264,NA,NA,548,NA,6111,NA,2,2,0,"",NA,34303597,-119287236,1735,NA,NA,NA,NA,NA,"1128",265,"",61110022.003007,34543,2061,NA,97081,5,NA,1,NA,NA,128,NA,1986,2,NA,115087,191811,2015,76724,2015.06,"",NA,3.01923624882884e-310
"240",17088994,0.0198,"2016-03-30",3,NA,NA,NA,1,2,NA,NA,1,NA,777,777,777,NA,NA,777,NA,6111,NA,1,1,0,"",NA,34272866,-119198911,NA,NA,NA,NA,NA,NA,"1129",266,"",61110015.031002,34543,2061,NA,97083,4,NA,NA,NA,NA,198,NA,1990,1,NA,143809,239679,2015,95870,2581.3,"",NA,3.01923590436603e-310
"241",17100444,0.006,"2016-05-27",5,NA,NA,NA,2,3,NA,NA,2,NA,1101,1101,1101,NA,NA,1101,NA,6111,NA,2,2,441,"",NA,34340801,-119079610,6569,NA,NA,NA,NA,NA,"1111",261,"",61110007.011007,26965,2061,NA,97113,5,NA,NA,NA,NA,NA,NA,1956,1,NA,33619,47853,2015,14234,591.64,"",NA,3.01923550812563e-310
"242",17102429,-0.0566,"2016-06-07",6,NA,NA,NA,1.5,2,NA,NA,1.5,NA,1554,1554,1554,NA,NA,1554,NA,6111,1,1,2,460,"",NA,34354313,-119076405,7400,NA,NA,NA,NA,NA,"1110",261,"",61110008.002013,26965,2061,NA,97113,5,NA,1,NA,NA,NA,NA,1965,1,NA,45609,62914,2015,17305,682.78,"",NA,3.01923555708783e-310
"243",17109604,0.0573,"2016-08-08",8,NA,NA,NA,2.5,4,NA,NA,2.5,NA,1305,2415,2415,NA,NA,1305,NA,6111,1,2,2,665,"",NA,34266578,-119165392,6326,NA,NA,NA,NA,NA,"1111",261,"",61110014.021007,34543,2061,NA,97084,8,NA,1,NA,NA,NA,NA,1984,2,NA,277000,554000,2015,277000,5886.92,"",NA,3.01923585446565e-310
"244",17125829,0.0564,"2016-08-26",8,NA,NA,NA,2.5,4,NA,NA,2.5,66,1303,2882,2882,NA,NA,1303,NA,6111,1,2,2,473,"",NA,34240014,-119024793,10000,NA,NA,NA,NA,NA,"1111",261,"",61110052.022034,51239,2061,NA,97089,8,NA,1,NA,NA,NA,NA,1980,2,NA,222070,289609,2015,67539,3110.44,"",NA,3.01923773196584e-310
"245",17132911,0.0315,"2016-07-08",7,NA,NA,NA,2,3,NA,NA,2,NA,1772,1772,1772,NA,NA,1772,NA,6111,1,2,2,467,"",NA,34226842,-119059815,8059,NA,NA,NA,NA,NA,"1111",261,"",61110055.03201,51239,2061,NA,97089,6,NA,NA,NA,NA,1045,NA,1978,1,NA,185000,526000,2015,341000,5632.2,"",NA,3.01923788067841e-310
"246",17134926,0.0257,"2016-05-11",5,NA,NA,NA,2.5,5,NA,NA,2.5,NA,1240,2632,2632,NA,NA,1240,NA,6111,1,2,2,440,"",NA,34229816,-119050224,7602,1,800,NA,NA,1,"1111",261,"",61110055.041004,51239,2061,NA,97089,8,NA,1,NA,NA,180,NA,1971,2,NA,342611,571086,2015,228475,6109.94,"",NA,3.01923788112278e-310
"247",17139988,0.002,"2016-06-15",6,NA,NA,NA,2,3,NA,NA,2,NA,1292,1292,1292,NA,NA,1292,NA,6111,NA,2,2,494,"",NA,34226351,-118983853,7405,NA,NA,NA,NA,NA,"1111",261,"",61110053.041014,51239,2061,NA,97091,6,NA,NA,NA,NA,304,NA,1979,1,NA,231297,462594,2015,231297,5026.4,"",NA,3.01923778231014e-310
"248",17167359,-0.0576,"2016-05-27",5,NA,NA,NA,1,3,NA,NA,1,NA,804,1385,1385,NA,NA,804,NA,6111,1,1,1,253,"",NA,34179289,-119169287,6000,NA,NA,NA,NA,NA,"1111",261,"",61110039.002008,13150,2061,NA,97104,6,NA,NA,NA,NA,NA,NA,1950,1,NA,134251,268502,2015,134251,3217.06,"",NA,3.01923708869108e-310
"249",17179760,-0.0131,"2016-10-07",10,NA,NA,NA,2,4,NA,NA,2,NA,1260,1260,1260,NA,NA,1260,NA,6111,NA,2,2,483,"",NA,34200478,-119156509,4860,NA,NA,NA,NA,NA,"1111",261,"",61110049.022008,13150,2061,NA,97101,6,NA,NA,NA,NA,NA,NA,1969,1,NA,42257,61453,2015,19196,702.4,"",NA,3.01923758374486e-310
"250",17198685,-0.0212,"2016-05-20",5,NA,NA,NA,2.5,4,NA,NA,2.5,NA,1448,2735,2735,NA,NA,1448,NA,6111,2,2,2,438,"",NA,34267854,-118883528,7000,NA,NA,NA,NA,NA,"1111",261,"",61110076.091002,25974,2061,NA,97097,8,NA,1,NA,NA,700,NA,1984,2,NA,239850,399742,2015,159892,4595.36,"",NA,3.01923892113086e-310
"251",17212207,0.0834,"2016-03-17",3,NA,NA,NA,2,5,NA,NA,2,NA,2085,2085,2085,NA,NA,2085,NA,6111,1,2,2,456,"",NA,34199102,-118882964,10800,1,450,NA,NA,1,"1111",261,"",61110067.002012,34278,2061,NA,96383,9,NA,NA,NA,NA,NA,NA,1962,1,NA,230000,657000,2015,427000,6991.06,"",NA,3.01923847207509e-310
"252",17213421,-0.0294,"2016-05-18",5,NA,NA,NA,3,3,NA,NA,3,66,906,1508,1508,NA,NA,906,NA,6111,1,3,2,0,"",NA,34194016,-118891725,1306,NA,NA,NA,NA,NA,"1129",266,"",61110067.002021,34278,2061,NA,96383,6,NA,NA,NA,NA,NA,NA,1981,2,NA,142797,407991,2015,265194,4267.96,"",NA,3.01923847207554e-310
"253",17250387,0.009,"2016-05-27",5,NA,NA,NA,2.5,5,NA,NA,2.5,NA,977,1958,1958,NA,NA,977,NA,6111,NA,2,2,498,"",NA,34265106,-118747187,9687,NA,NA,NA,NA,NA,"1111",261,"",61110080.044003,27110,2061,NA,97118,7,NA,1,NA,NA,243,NA,1964,2,NA,136437,201400,2015,64963,2512.42,"",NA,3.01923911643506e-310
"254",17254534,0.0573,"2016-04-13",4,NA,NA,NA,2,4,NA,NA,2,NA,1120,1687,1687,NA,NA,1120,NA,6111,NA,2,2,400,"",NA,34278739,-118744589,8106,NA,NA,NA,NA,NA,"1111",261,"",61110079.045001,27110,2061,NA,97118,7,NA,NA,NA,NA,NA,NA,1961,1,NA,170705,311415,2015,140710,3763.38,"",NA,3.0192390670778e-310
"255",17260270,-0.0151,"2016-07-06",7,NA,NA,NA,2.5,5,NA,NA,2.5,NA,1236,2232,2232,NA,NA,1236,NA,6111,1,2,2,632,"",NA,34276919,-118664161,6500,NA,NA,NA,NA,NA,"1111",261,"",61110083.021007,27110,2061,NA,97116,9,NA,1,NA,NA,280,NA,1965,2,NA,225950,451900,2015,225950,5185.66,"",NA,3.0192392635186e-310
"256",17261131,0.0843,"2016-12-29",12,NA,NA,NA,1,2,NA,NA,1,NA,435,834,834,NA,NA,435,NA,6111,NA,1,1,0,"",NA,34273525,-118674868,3049,NA,NA,NA,NA,NA,"1129",266,"",61110083.022024,27110,2061,NA,97116,4,NA,NA,NA,NA,NA,NA,1976,2,NA,94858,158096,2015,63238,1991.34,"",NA,3.01923926356885e-310
"257",17275640,0.006,"2016-01-11",1,NA,NA,NA,2.5,2,NA,NA,2.5,NA,691,1361,1361,NA,NA,691,NA,6111,1,2,2,0,"",NA,34179983,-118848957,1742,NA,NA,NA,NA,NA,"1129",266,"",61110071.003003,34278,2061,NA,96385,5,NA,1,NA,NA,NA,NA,1980,2,NA,150363,300726,2015,150363,3216.88,"",NA,3.01923866975031e-310
"258",17275763,0.0188,"2016-09-07",9,NA,NA,NA,2,2,NA,NA,2,NA,917,917,917,NA,NA,917,NA,6111,NA,2,2,0,"",NA,34179681,-118850547,NA,NA,NA,NA,NA,NA,"1129",266,"",61110071.003,34278,2061,NA,96385,4,NA,NA,NA,NA,154,NA,1985,1,NA,126000,256000,2015,130000,2674.64,"",NA,3.01923866975016e-310
"259",17276736,-0.0408,"2016-05-27",5,NA,NA,NA,1,2,NA,NA,1,66,NA,907,907,NA,NA,NA,NA,6111,1,1,1,0,"",NA,34172500,-118844000,NA,NA,NA,NA,NA,NA,"1129",266,"",61110071.002014,34278,2061,NA,96385,4,NA,NA,NA,NA,NA,NA,1985,NA,NA,122951,204919,2015,81968,2212.54,"",NA,3.01923866970145e-310
"260",17283162,0.0611,"2016-05-23",5,NA,NA,NA,3,5,NA,NA,3,NA,2524,2524,2524,NA,NA,2524,NA,6111,1,3,2,441,"",NA,34190852,-118846479,20002,NA,NA,NA,NA,NA,"1111",261,"",61110072.011001,34278,2061,NA,96385,9,NA,NA,NA,NA,NA,NA,1963,1,NA,424187,706979,2015,282792,7428.58,"",NA,3.01923871955203e-310
"261",17283891,-0.002,"2016-07-15",7,NA,NA,NA,2.5,4,NA,NA,2.5,NA,2400,2400,2400,NA,NA,2400,NA,6111,1,2,3,792,"",NA,34192567,-118838784,55861,1,750,NA,NA,1,"1110",261,"",61110072.021004,34278,2061,NA,96385,7,NA,1,NA,NA,698,NA,1969,1,NA,265054,544564,2015,279510,5744.52,"",NA,3.01923872004624e-310
"262",17290104,-0.1154,"2016-05-19",5,NA,NA,NA,2.5,3,NA,NA,2.5,NA,1137,2113,2113,NA,NA,1137,NA,6111,1,2,2,0,"",NA,34183304,-118788828,NA,NA,NA,NA,NA,NA,"1129",266,"",61110074.023,34278,2061,NA,96385,7,NA,1,NA,NA,275,NA,1993,2,NA,376126,626875,2015,250749,7249.8,"",NA,3.01923881895799e-310
"263",17291231,-0.251,"2016-06-13",6,NA,NA,NA,2,3,NA,NA,2,NA,2297,2297,2297,NA,NA,2297,NA,6111,2,2,2,434,"",NA,34194330,-118806073,6450,1,342,NA,NA,1,"1111",261,"",61110074.021011,34278,2061,NA,96385,7,NA,NA,NA,NA,84,NA,1988,1,NA,324000,926000,2015,602000,9867.14,"",NA,3.01923881885972e-310
"264",17296734,-0.0111,"2016-08-24",8,NA,NA,NA,3,5,NA,NA,3,NA,1996,1996,1996,NA,NA,1996,NA,6111,1,3,2,460,"",NA,34174051,-118757031,7499,1,462,NA,NA,1,"1111",261,"",61110074.052002,53655,2061,NA,96393,7,NA,NA,NA,NA,204,NA,1970,1,NA,397792,662986,2015,265194,8644.28,"",NA,3.01923882039088e-310
